$C_0$=1.0,y,$C_0$=1.25,y,$C_0$=1.5,y,$C_0$=1.75,y,$C_0$=2.0,y
43.39016560273759,1.01,8.674850081215697,1.26,3.2087945617109073,1.51,1.7351251402238779,1.76,1.2427851579157865,2.01
55.87681807121313,1.0132230096762707,10.887845152150273,1.2627220076722627,3.8944500325950826,1.5122210056682546,2.0270782858361605,1.7617200036642466,1.392899362886057,2.0112190016602383
67.69425469272419,1.0164460193525413,13.040705838004166,1.2654440153445252,4.570637446183442,1.5144420113365091,2.317180606640746,1.7634400073284933,1.542724526358235,2.0124380033204767
78.87556493917157,1.019669029028812,15.135104830430775,1.268166023016788,5.237514168787154,1.516663017004764,2.6054523070399735,1.7651600109927397,1.6922639083471567,2.0136570049807156
89.45214111765024,1.0228920387050826,17.172665040444784,1.2708880306890504,5.895234770158813,1.5188840226730185,2.8919133912368205,1.7668800146569863,1.8415207600752297,2.014876006640954
99.45377089853528,1.0261150483813533,19.154961209756927,1.2736100383613131,6.543951079229131,1.521105028341273,3.176583665807382,1.768600018321233,1.9904983241275918,2.0160950083011926
108.9087244594461,1.0293380580576237,21.08352146557421,1.2763320460335756,7.183812238630448,1.5233260340095276,3.4594827422406946,1.7703200219854796,2.139199834606485,2.017314009961431
117.84383657900224,1.0325610677338943,22.959828821010905,1.2790540537058384,7.814964758036904,1.5255470396777822,3.7406300394458913,1.7720400256497262,2.2876285172856092,2.0185330116216695
126.28458399227063,1.035784077410165,24.785322623157754,1.2817760613781009,8.43755256634892,1.5277680453460367,4.020044786227283,1.7737600293139726,2.435787589764268,2.0197520132819085
134.2551582993575,1.0390070870864356,26.56139995078403,1.2844980690503636,9.051717062749542,1.5299890510142915,4.297746023728144,1.7754800329782192,2.5836802616210046,2.020971014942147
141.77853469952893,1.0422300967627063,28.28941696355797,1.287220076722626,9.657597166658826,1.532210056682546,4.573752607843068,1.7772000366424658,2.7313097345675525,2.0221900166023854
148.8765368055366,1.045453106438977,29.970690204604185,1.2899420843948888,10.255329366613234,1.5344310623508006,4.848083211600107,1.7789200403067125,2.8786792026020587,2.023409018262624
155.56989777630338,1.0486761161152476,31.6064978581348,1.2926640920671515,10.845047768094135,1.5366520680190552,5.120756327512652,1.780640043970959,3.025791852162447,2.024628019922863
161.87831799076454,1.0518991257915182,33.19808096382957,1.295386099739414,11.426884140330989,1.5388730736873097,5.391790269901661,1.7823600476352055,3.172650862279273,2.0258470215831013
167.82051947132456,1.0551221354677889,34.74664458956785,1.2981081074116767,12.000967962102848,1.5410940793555643,5.661203177188875,1.7840800512994521,3.3192594047289647,2.0270660232433397
173.41429725205413,1.0583451451440595,36.253358964052936,1.3008301150839392,12.56742646656183,1.543315085023819,5.929013014160954,1.7858000549636988,3.4656206441863757,2.028285024903578
178.6765678742955,1.0615681548203302,37.71936057081048,1.303552122756202,13.126384685100952,1.5455360906920736,6.195237574205657,1.7875200586279454,3.6117377383774913,2.0295040265638167
183.62341518075783,1.0647911644966008,39.14575320497945,1.3062741304284644,13.677965490289605,1.5477570963603282,6.459894481519973,1.789240062292192,3.7576138382319955,2.0307230282240556
188.27013356834698,1.0680141741728715,40.53360899426383,1.3089961381007271,14.222289637897006,1.5499781020285828,6.7230011932908615,1.7909600659564384,3.903252088035472,2.031942029884294
192.63126884988617,1.071237183849142,41.883969385352664,1.3117181457729896,14.759475808025964,1.5521991076968373,6.984575001849072,1.792680069620685,4.048655625582065,2.0331610315445325
196.7206568654567,1.0744601935254126,43.19784609707245,1.3144401534452523,15.289640645376897,1.554420113365092,7.244633036796084,1.7944000732849317,4.193827582326516,2.034380033204771
200.55145997529013,1.0776832032016832,44.476222041478024,1.3171621611175148,15.812898798662722,1.5566411190333467,7.503192267105165,1.7961200769491783,4.338771083536458,2.03559903486501
204.13620155793188,1.0809062128779539,45.720052214049325,1.3198841687897775,16.329362959193485,1.5588621247016012,7.760269503196459,1.797840080613425,4.483489248444365,2.0368180365252484
207.48679862971417,1.0841292225542245,46.930264554108575,1.3226061764620403,16.83914389865107,1.5610831303698558,8.015881398986721,1.7995600842776713,4.627985190399957,2.038037038185487
210.6145926944203,1.0873522322304952,48.107760776534704,1.3253281841343028,17.342350506071313,1.5633041360381104,8.270044453914146,1.801280087941918,4.772262017022105,2.0392560398457253
213.5303789253058,1.0905752419067658,49.25341717580739,1.3280501918065655,17.839089824052536,1.565525141706365,8.522775014938295,1.8030000916061646,4.91632283035097,2.040475041505964
216.24443377539058,1.0937982515830365,50.36808540337236,1.330772199478828,18.329467084208098,1.5677461473746195,8.774089278516113,1.8047200952704112,5.060170727000145,2.0416940431662027
218.76654110607325,1.097021261259307,51.452593219285546,1.3334942071510907,18.81358574188013,1.5699671530428743,9.02400329255385,1.8064400989346578,5.2038087983085815,2.042913044826441
221.10601691864042,1.1002442709355778,52.50774521905129,1.3362162148233532,19.29154751013119,1.5721881587111288,9.272532958335551,1.8081601025989043,5.347240130493064,2.0441320464866797
223.27173276812002,1.1034672806118484,53.53432353654007,1.338938222495616,19.76345239303101,1.5744091643793834,9.519694032428538,1.8098801062631509,5.490467804800218,2.045351048146918
225.2721379341285,1.106690290288119,54.533088523832916,1.3416602301678784,20.229398718253414,1.576630170047638,9.765502128565798,1.8116001099273975,5.633494897658854,2.0465700498071566
227.11528041887215,1.1099132999643895,55.50477940881156,1.344382237840141,20.689483168999654,1.5788511757158925,10.009972719506202,1.8133201135916441,5.776324480832384,2.0477890514673955
228.808826838264,1.1131363096406601,56.45011493127753,1.3471042455124036,21.14380081526345,1.581072181384147,10.253121138872599,1.8150401172558908,5.918959621571093,2.049008053127634
230.36008126816833,1.1163593193169308,57.36979395835955,1.3498262531846663,21.592445144452487,1.5832931870524019,10.494962582968038,1.8167601209201372,6.061403382765011,2.0502270547878725
231.77600310410858,1.1195823289932014,58.26449607993346,1.352548260856929,22.035508091380628,1.5855141927206564,10.735512112570818,1.8184801245843838,6.203658823096452,2.051446056448111
233.06322398931204,1.122805338669472,59.134882184757224,1.3552702685291915,22.473080067645974,1.587735198388911,10.97478465470816,1.8202001282486304,6.345728997192887,2.0526650581083494
234.22806386272364,1.1260283483457427,59.98159501799381,1.3579922762014542,22.905249990407366,1.5899562040571655,11.212795004409362,1.821920131912877,6.487616955780019,2.0538840597685883
235.27654617559025,1.1292513580220134,60.80525972077016,1.3607142838737167,23.33210531057378,1.59217720972542,11.449557826438486,1.8236401355771237,6.62932574583478,2.055103061428827
236.21441232236123,1.132474367698284,61.60648435239762,1.3634362915459795,23.753732040419475,1.5943982153936749,11.685087657006854,1.82536013924137,6.770858410739,2.0563220630890653
237.0471353289864,1.1356973773745547,62.38586039585331,1.366158299218242,24.17021478063745,1.5966192210619294,11.919398905465917,1.8270801429056167,6.912217990432781,2.0575410647493038
237.77993283918144,1.1389203870508253,63.1439632471031,1.3688803068905047,24.58163674684461,1.598840226730184,12.152505855980388,1.8288001465698633,7.053407521568432,2.0587600664095427
238.41777943688348,1.142143396727096,63.88135268882077,1.3716023145627672,24.988079795549826,1.6010612323984386,12.38442266918246,1.83052015023411,7.194430037664264,2.059979068069781
238.96541834090718,1.1453664064033666,64.59857334904305,1.3743243222350299,25.389624449597655,1.6032822380666931,12.61516338380696,1.8322401538983566,7.335288569259219,2.0611980697300196
239.4273725057436,1.1485894160796373,65.29615514527426,1.3770463299072924,25.786349923099067,1.6055032437349477,12.844741918308024,1.833960157562603,7.475986144067216,2.062417071390258
239.80795516049318,1.1518124257559077,65.97461371454061,1.379768337579555,26.178334145860575,1.6077242494032025,13.07317207245751,1.8356801612268496,7.616525787132053,2.0636360730504966
240.1112798161025,1.1550354354321783,66.63445082987234,1.3824903452518176,26.56565378732275,1.609945255071457,13.300467528925209,1.8374001648910963,7.756910520982596,2.0648550747107355
240.34126976934786,1.158258445108449,67.27615480367623,1.3852123529240803,26.948384280019717,1.6121662607397116,13.526641854841623,1.8391201685553429,7.897143365788064,2.066074076370974
240.50166713040414,1.1614814547847196,67.90020087844347,1.387934360596343,27.326599842568964,1.6143872664079661,13.751708503343053,1.8408401722195895,8.037227339514093,2.0672930780312124
240.5960413993136,1.1647044644609903,68.50705160522115,1.3906563682686055,27.700373502202954,1.6166082720762207,13.975680815099736,1.842560175883836,8.177165458078717,2.068512079691451
240.627797615244,1.167927474137261,69.09715721026201,1.3933783759408682,28.069777116852055,1.6188292777444753,14.198572019827036,1.8442801795480825,8.316960735508962,2.06973108135169
240.60018410108836,1.1711504838135316,69.67095595024905,1.3961003836131307,28.434881396788874,1.62105028341273,14.420395237779818,1.8460001832123292,8.456616184097557,2.0709500830119283
240.5162998246899,1.1743734934898022,70.22887445648047,1.3988223912853934,28.79575592584324,1.6232712890809846,14.641163481230796,1.8477201868765758,8.59613481456054,2.0721690846721668
240.37910139679462,1.177596503166073,70.77132806838345,1.401544398957656,29.152469182198157,1.6254922947492392,14.860889655932608,1.8494401905408224,8.735519636194745,2.0733880863324052
240.1914097247155,1.1808195128423435,71.29872115671553,1.4042664066299186,29.505088558774617,1.6277133004174937,15.079586562564053,1.8511601942050688,8.874773657036066,2.0746070879926437
239.955916339639,1.1840425225186142,71.81144743679506,1.4069884143021811,29.853680383215398,1.6299343060857483,15.297266898160872,1.8528801978693155,9.013899884018045,2.0758260896528826
239.67518941451584,1.1872655321948846,72.30989027209505,1.4097104219744439,30.198309937475848,1.6321553117540029,15.513943257531087,1.854600201533562,9.152901323130811,2.077045091313121
239.35167948855104,1.1904885418711553,72.79442296851778,1.4124324296467066,30.539041477030583,1.6343763174222576,15.729628134655274,1.8563202051978087,9.291780979580896,2.0782640929733596
238.98772491341876,1.193711551547426,73.26540905966043,1.415154437318969,30.875938249704415,1.6365973230905122,15.94433392407214,1.8580402088620553,9.43054185795115,2.079483094633598
238.5855570355158,1.1969345612236966,73.72320258336856,1.4178764449912318,31.20906251413548,1.6388183287587668,16.15807292224938,1.8597602125263017,9.569186962361366,2.0807020962938365
238.14730512777575,1.2001575708999672,74.16814834986381,1.4205984526634943,31.538475557878844,1.6410393344270213,16.37085732894031,1.8614802161905484,9.707719296629467,2.0819210979540754
237.6750010838398,1.2033805805762379,74.600582201724,1.423320460335757,31.864237715157916,1.6432603400952759,16.582699248526225,1.863200219854795,9.846141864433037,2.083140099614314
237.17058388668144,1.2066035902525085,75.02083126598089,1.4260424680080195,32.186408384271864,1.6454813457635304,16.793610691345037,1.8649202235190416,9.984457669471853,2.0843591012745524
236.63590386314158,1.2098265999287792,75.42921419859567,1.4287644756802822,32.50504604466583,1.6477023514317852,17.00360357500622,1.8666402271832883,10.122669715630627,2.085578102934791
236.07272673519682,1.2130496096050498,75.82604142155783,1.4314864833525447,32.82020827367185,1.6499233571000398,17.21268972569234,1.8683602308475347,10.260781007142493,2.0867971045950293
235.48273747822387,1.2162726192813205,76.21161535285044,1.4342084910248074,33.1319517629269,1.6521443627682944,17.420880879447445,1.8700802345117813,10.398794548753253,2.0880161062552682
234.86754399596086,1.2194956289575911,76.58623062951088,1.43693049869707,33.44033233447573,1.654365368436549,17.628188683452365,1.871800238176028,10.536713345885909,2.0892351079155067
234.22868062135555,1.2227186386338618,76.95017432401214,1.4396525063693326,33.745404956564435,1.6565863741048035,17.834624697287385,1.8735202418402745,10.674540404806484,2.090454109575745
233.5676114520041,1.2259416483101324,77.30372615417983,1.4423745140415951,34.04722375913217,1.6588073797730583,18.04020039418235,1.8752402455045212,10.812278732789938,2.0916731112359837
232.88573352842036,1.2291646579864028,77.64715868685329,1.4450965217138578,34.34584204900685,1.6610283854413128,18.244927162254417,1.8769602491687676,10.949931338287211,2.0928921128962226
232.18437986294526,1.2323876676626735,77.98073753549143,1.4478185293861205,34.64131232481166,1.6632493911095674,18.448816305733864,1.8786802528330142,11.087501231092565,2.094111114556461
231.46482232669206,1.2356106773389441,78.30472155191866,1.450540537058383,34.9336862915881,1.665470396777822,18.65187904617777,1.8804002564972608,11.224991422512325,2.0953301162166995
230.7282744015384,1.2388336870152148,78.61936301239706,1.4532625447306458,35.22301487514185,1.6676914024460765,18.854126523672136,1.8821202601615075,11.362404925533752,2.096549117876938
229.97589380380828,1.2420566966914854,78.92490779820633,1.4559845524029082,35.509348236117496,1.669912408114331,19.055569798022596,1.883840263825754,11.499744754995152,2.0977681195371765
229.20878498594342,1.245279706367756,79.22159557090727,1.458706560075171,35.79273578380731,1.6721334137825856,19.25621984993371,1.8855602674900005,11.637013927756575,2.0989871211974154
228.42800152213565,1.2485027160440267,79.50965994245574,1.4614285677474335,36.07322618970064,1.6743544194508404,19.45608758217735,1.8872802711542471,11.774215462871316,2.100206122857654
227.63454838358112,1.2517257257202974,79.7893286403323,1.4641505754196962,36.35086740077825,1.676575425119095,19.655183820749933,1.8890002748184938,11.91135238175862,2.1014251245178923
226.8293841087299,1.254948735396568,80.0608236678438,1.4668725830919587,36.62570665255826,1.6787964307873495,19.85351931601935,1.8907202784827404,12.048427708376895,2.102644126178131
226.01342287362291,1.2581717450728387,80.32436145974988,1.4695945907642214,36.89779048189782,1.681017436455604,20.05110474386104,1.892440282146987,12.185444469398025,2.1038631278383697
225.18753646715226,1.2613947547491091,80.58015303336092,1.472316598436484,37.16716473955654,1.6832384421238586,20.247950706784046,1.8941602858112334,12.322405694382402,2.105082129498608
224.3525561758302,1.2646177644253798,80.8284041352499,1.4750386061087466,37.433874602526124,1.6854594477921134,20.444067735046886,1.89588028947548,12.459314415955342,2.1063011311588467
223.5092745824204,1.2678407741016504,81.06931538371632,1.4777606137810093,37.69796458613115,1.687680453460368,20.639466287763337,1.8976002931397267,12.596173669984005,2.107520132819085
222.65844728256374,1.271063783777921,81.30308240713286,1.4804826214532718,37.95947855590667,1.6899014591286226,20.834156753998762,1.8993202968039733,12.732986495755576,2.1087391344793236
221.8007945233217,1.2742867934541917,81.52989597830577,1.4832046291255345,38.218459739255906,1.6921224647968771,21.02814945385673,1.90104030046822,12.869755936156436,2.1099581361395625
220.93700276736007,1.2775098031304624,81.74994214497094,1.485926636797797,38.47495073689385,1.6943434704651317,21.221454639556267,1.9027603041324663,13.006485037852164,2.111177137799801
220.06772618631473,1.280732812806733,81.96340235654624,1.4886486444700597,38.72899353408076,1.6965644761333865,21.414082496500104,1.904480307796713,13.143176851469056,2.1123961394600395
219.19358808669597,1.2839558224830037,82.17045358725683,1.4913706521423222,38.98062951164977,1.698785481801641,21.606043144333615,1.9062003114609596,13.279834431776301,2.113615141120278
218.31518227152378,1.2871788321592743,82.37126845574396,1.494092659814585,39.229899456833564,1.7010064874698956,21.797346637995204,1.9079203151252062,13.41646083786947,2.1148341427805164
217.43307434072773,1.290401841835545,82.56601534126719,1.4968146674868474,39.47684357389358,1.7032274931381501,21.988002968757904,1.9096403187894528,13.5530591333552,2.1160531444407553
216.5478029331932,1.2936248515118156,82.7548584966037,1.4995366751591102,39.72150149455641,1.7054484988064047,22.178022065262553,1.9113603224536992,13.689632386536749,2.117272146100994
215.6598809131918,1.2968478611880863,82.93795815774658,1.5022586828313726,39.96391228826119,1.7076695044746593,22.36741379454271,1.9130803261179459,13.826183670601239,2.1184911477612323
214.76979650380102,1.300070870864357,83.1154706505001,1.5049806905036354,40.20411447222179,1.7098905101429138,22.556187963041264,1.9148003297821925,13.962716063807724,2.1197101494214707
213.87801436978634,1.3032938805406276,83.28754849406629,1.507702698175898,40.44214602130824,1.7121115158111686,22.744354317619322,1.9165203334464391,14.099232649676585,2.120929151081709
212.98497665230087,1.3065168902168982,83.45434050171579,1.5104247058481606,40.67804437775002,1.7143325214794232,22.931922546557132,1.9182403371106858,14.235736517180374,2.122148152741948
212.09110395764014,1.3097398998931686,83.61599187862969,1.5131467135204233,40.91184646066667,1.7165535271476777,23.118902280547417,1.9199603407749322,14.372230760935548,2.1233671544021866
211.19679630218025,1.3129629095694393,83.77264431699979,1.5158687211926858,41.14358867542724,1.7187745328159323,23.305303093681363,1.9216803444391788,14.508718481396158,2.124586156062425
210.3024340155247,1.31618591924571,83.92443608847033,1.5185907288649485,41.37330692284396,1.7209955384841868,23.491134504427123,1.9234003481034254,14.64520278504834,2.1258051577226635
209.40837860378554,1.3194089289219806,84.07150213400026,1.521312736537211,41.60103660820249,1.7232165441524416,23.67640597660133,1.925120351767672,14.781686784606471,2.1270241593829025
208.51497357483365,1.3226319385982512,84.21397415122475,1.5240347442094737,41.8268126501323,1.7254375498206962,23.86112692033354,1.9268403554319187,14.918173599210474,2.128243161043141
207.62254522725974,1.3258549482745219,84.35198067939179,1.5267567518817362,42.05066948932097,1.7276585554889508,24.045306693024006,1.928560359096165,15.054666354625036,2.1294621627033794
206.7314034047104,1.3290779579507925,84.48564718194484,1.529478759553999,42.272641097075244,1.7298795611572053,24.228954600294717,1.9302803627604117,15.191168183439846,2.130681164363618
205.84184221717425,1.3323009676270632,84.61509612682384,1.5322007672262616,42.49276098373192,1.7321005668254599,24.41207989693388,1.9320003664246583,15.327682225271493,2.1319001660238563
204.95414073072942,1.3355239773033338,84.74044706455223,1.5349227748985241,42.711062206922115,1.7343215724937144,24.594691787834126,1.933720370088905,15.464211626967021,2.1331191676840953
204.06856362717895,1.3387469869796045,84.86181670417523,1.5376447825707866,42.927577379691385,1.736542578161969,24.776799428924665,1.9354403737531516,15.60075954280864,2.1343381693443337
203.1853618349426,1.341969996655875,84.97931898711485,1.5403667902430493,43.14233867847942,1.7387635838302238,24.95841192809714,1.937160377417398,15.737329134720703,2.135557171004572
202.3047731325034,1.3451930063321456,85.09306515900208,1.543088797915312,43.35537785096136,1.7409845894984783,25.139538346126034,1.9388803810816446,15.873923572477649,2.1367761726648107
201.42702272564617,1.3484160160084162,85.20316383954723,1.5458108055875746,43.56672622375433,1.743205595166733,25.320187697582764,1.9406003847458912,16.010546033914004,2.1379951743250496
200.55232379966776,1.3516390256846869,85.30972109050627,1.5485328132598373,43.77641470999161,1.7454266008349875,25.50036895174489,1.9423203884101379,16.14719970513573,2.139214175985288
199.68087804768436,1.3548620353609575,85.4128404817985,1.5512548209320998,43.98447381676717,1.747647606503242,25.68009103349935,1.9440403920743845,16.283887780733806,2.1404331776455265
198.8128761761023,1.3580850450372282,85.51262315583183,1.5539768286043625,44.1909336524535,1.7498686121714968,25.859362824240808,1.945760395738631,16.420613463999047,2.141652179305765
197.94849838827918,1.3613080547134988,85.60916789008624,1.5566988362766252,44.39582393389498,1.7520896178397514,26.038193162764742,1.9474803994028775,16.557379967139013,2.1428711809660035
197.08791484734155,1.3645310643897695,85.70257115800855,1.5594208439488877,44.599173993479816,1.754310623508006,26.216590846155572,1.9492004030671242,16.69419051149664,2.1440901826262424
196.2312861190914,1.36775407406604,85.79292718826655,1.5621428516211502,44.801012786092826,1.7565316291762605,26.39456463067,1.9509204067313708,16.83104832777061,2.145309184286481
195.37876359588364,1.3709770837423108,85.88032802241072,1.564864859293413,45.001368895951224,1.758752634844515,26.57212323261569,1.9526404103956174,16.967956656238,2.1465281859467193
194.5304899023161,1.3742000934185814,85.96486357099086,1.5675868669656756,45.20027054332663,1.7609736405127698,26.749275329225547,1.9543604140598638,17.104918746978417,2.147747187606958
193.6865992835406,1.377423103094852,86.04662166817174,1.5703088746379381,45.397745591154695,1.7631946461810242,26.926029559527443,1.9560804177241105,17.241937860100336,2.1489661892671963
192.84721797695528,1.3806461127711227,86.12568812489113,1.5730308823102008,45.593821551535704,1.765415651849279,27.102394525209792,1.957800421388357,17.379017265969477,2.150185190927435
192.0124645680174,1.3838691224473934,86.20214678060383,1.5757528899824633,45.7885255921274,1.7676366575175335,27.278378791483153,1.9595204250526037,17.516160245438893,2.1514041925876737
191.182450330867,1.387092132123664,86.27607955365127,1.578474897654726,45.98188454243296,1.769857663185788,27.453990887937806,1.9612404287168503,17.653370090081683,2.152623194247912
190.3572795544328,1.3903151417999344,86.34756649029714,1.5811969053269885,46.173924899986105,1.7720786688540426,27.6292393093976,1.9629604323810967,17.790650102425353,2.1538421959081506
189.53704985465254,1.393538151476205,86.4166858124674,1.5839189129992512,46.364672836435595,1.7742996745222972,27.804132516770146,1.9646804360453434,17.928003596188574,2.155061197568389
188.7218524734154,1.3967611611524757,86.48351396423165,1.5866409206715137,46.55415420353069,1.776520680190552,27.978678937893502,1.96640043970959,18.065433896520002,2.156280199228628
187.9117725648045,1.3999841708287464,86.54812565706251,1.5893629283437765,46.742394539010526,1.7787416858588065,28.152886968379633,1.9681204433738366,18.202944340239338,2.1574992008888665
187.10688946919345,1.403207180505017,86.61059391390812,1.5920849360160392,46.92941907239867,1.780962691527061,28.326764972454445,1.9698404470380833,18.340538276080952,2.158718202549105
186.30727697572146,1.4064301901812877,86.67099011211076,1.5948069436883017,47.11525273070503,1.7831836971953157,28.500321283795042,1.9715604507023297,18.478219064939427,2.1599372042093434
185.51300357365346,1.4096531998575583,86.72938402520585,1.5975289513605642,47.299920144037344,1.7854047028635702,28.67356420636387,1.9732804543665763,18.61599008011772,2.1611562058695823
184.72413269310462,1.412876209533829,86.78584386363292,1.6002509590328269,47.4834456511238,1.787625708531825,28.846502015240226,1.975000458030823,18.753854707577474,2.162375207529821
183.940722935588,1.4160992192100996,86.84043631438853,1.6029729667050896,47.66585330474882,1.7898467142000796,29.019142957449002,1.9767204616950695,18.891816346192268,2.1635942091900593
183.16282829482626,1.41932222888637,86.89322657965302,1.605694974377352,47.84716687710378,1.7920677198683341,29.191495252787092,1.9784404653593162,19.02987840800284,2.1648132108502978
182.39049836824177,1.4225452385626407,86.94427841441859,1.6084169820496148,48.02740986505456,1.7942887255365887,29.363567094647415,1.9801604690235626,19.168044318475136,2.1660322125105362
181.6237785595313,1.4257682482389114,86.99365416314804,1.6111389897218773,48.20660549532744,1.7965097312048433,29.53536665084079,1.9818804726878092,19.306317516760902,2.167251214170775
180.86271027270254,1.428991257915182,87.04141479549087,1.61386099739414,48.384776729615595,1.7987307368730978,29.706902064415626,1.9836004763520558,19.444701455960683,2.1684702158310136
180.1073310979401,1.4322142675914526,87.08761994108447,1.6165830050664027,48.56194626960704,1.8009517425413524,29.87818145447589,1.9853204800163025,19.583199603390053,2.169689217491252
179.35767498965018,1.4354372772677233,87.13232792346453,1.6193050127386652,48.73813656193667,1.8031727482096072,30.049212916997295,1.987040483680549,19.721815440847973,2.1709082191514906
178.61377243701673,1.438660286943994,87.17559579311167,1.6220270204109277,48.91336980306314,1.8053937538778617,30.220004525641716,1.9887604873447955,19.860552464888322,2.1721272208117295
177.8756506273891,1.4418832966202646,87.21747935965703,1.6247490280831904,49.08766794407287,1.8076147595461163,30.390564332570356,1.9904804910090421,19.999414187093905,2.173346222471968
177.14333360280412,1.4451063062965352,87.25803322327114,1.6274710357554532,49.26105269541242,1.8098357652143708,30.56090036925547,1.9922004946732887,20.138404134353866,2.1745652241322064
176.41684240993672,1.448329315972806,87.29731080525912,1.6301930434277156,49.43354553155063,1.8120567708826254,30.73102064729087,1.9939204983375354,20.277525849143522,2.175784225792445
175.69619524375523,1.4515523256490765,87.33536437788396,1.6329150510999784,49.60516769557253,1.8142777765508802,30.900933159201657,1.995640502001782,20.41678288980748,2.1770032274526834
174.98140758514936,1.4547753353253472,87.37224509343976,1.6356370587722409,49.77594020370589,1.8164987822191347,31.070645879252677,1.9973605056660284,20.556178830845646,2.1782222291129223
174.27249233278508,1.4579983450016178,87.40800301259587,1.6383590664445036,49.945883849782646,1.8187197878873893,31.240166764256642,1.999080509330275,20.69571726320229,2.1794412307731608
173.5694599294304,1.4612213546778885,87.44268713203212,1.641081074116766,50.1150192096358,1.8209407935556439,31.409503754381394,2.0008005129945214,20.8354017945586,2.1806602324333992
172.87231848298407,1.4644443643541591,87.4763454113849,1.6438030817890288,50.28336664543374,1.8231617992238984,31.57866477395693,2.0025205166587683,20.975236049628034,2.1818792340936377
172.18107388243243,1.4676673740304296,87.50902479952383,1.6465250894612913,50.450946309953245,1.8253828048921532,31.74765773228174,2.0042405203230147,21.115223670455094,2.183098235753876
171.49572990894453,1.4708903837067002,87.54077126017626,1.649247097133554,50.61777815079264,1.8276038105604075,31.916490524429836,2.0059605239872615,21.255368316717522,2.184317237414115
170.8162883423127,1.4741133933829709,87.57162979691925,1.6519691048058167,50.78388191452623,1.8298248162286623,32.08517103205671,2.007680527651508,21.39567366603158,2.1855362390743536
170.14274906293195,1.4773364030592415,87.6016444775556,1.6546911124780792,50.94927715080118,1.832045821896917,32.253707124206386,2.0094005313157544,21.53614341426119,2.186755240734592
169.47511014950504,1.4805594127355122,87.63085845789152,1.6574131201503417,51.11398321637896,1.8342668275651715,32.42210665811828,2.011120534980001,21.676781275830315,2.1879742423948305
168.8133679726531,1.4837824224117828,87.65931400493164,1.6601351278226044,51.27801927912152,1.836487833233426,32.590377480034604,2.0128405386442476,21.81759098403883,2.189193244055069
168.15751728460285,1.4870054320880535,87.68705251950897,1.6628571354948671,51.44140432192431,1.8387088389016806,32.758527426008655,2.0145605423084945,21.95857629138231,2.190412245715308
167.5075513051124,1.4902284417643241,87.71411455836346,1.6655791431671296,51.604157146596876,1.8409298445699354,32.9265643227134,2.016280545972741,22.099740969875107,2.1916312473755464
166.8634618037949,1.4934514514405948,87.7405398556863,1.6683011508393923,51.76629637769256,1.84315085023819,33.09449598825153,2.0180005496369873,22.241088811377697,2.192850249035785
166.22523917898948,1.4966744611168652,87.76636734414343,1.6710231585116548,51.92784046628824,1.8453718559064445,33.26233023296625,2.019720553301234,22.382623627927465,2.1940692506960233
165.592872533321,1.4998974707931358,87.7916351753928,1.6737451661839176,52.08880769371544,1.847592861574699,33.43007486025334,2.0214405569654805,22.52434925207351,2.1952882523562622
164.96634974609043,1.5031204804694065,87.81638074010998,1.67646717385618,52.24921617524415,1.8498138672429536,33.597737667374965,2.0231605606297274,22.666269537215214,2.1965072540165007
164.34565754262348,1.5063434901456771,87.84064068753467,1.6791891815284428,52.40908386371982,1.8520348729112084,33.76532644627435,2.024880564293974,22.80838835794547,2.197726255676739
163.73078156070736,1.5095664998219478,87.86445094455229,1.6819111892007053,52.56842855315549,1.854255878579463,33.93284898439313,2.02660056795822,22.950709610397187,2.1989452573369777
163.12170641423276,1.5127895094982184,87.8878467343222,1.684633196872968,52.72726788227974,1.8564768842477175,34.10031306548986,2.028320571622467,23.093237212594598,2.200164258997216
162.51841575416043,1.516012519174489,87.9108625944666,1.6873552045452307,52.88561933804139,1.858697889915972,34.26772647046057,2.0300405752867134,23.235975104808634,2.201383260657455
161.92089232692183,1.5192355288507597,87.93353239483076,1.6900772122174932,53.043500259072424,1.8609188955842266,34.435096978162434,2.0317605789509603,23.378927249916266,2.2026022623176935
161.32911803035896,1.5224585385270304,87.95588935482682,1.692799219889756,53.20092783910979,1.8631399012524812,34.60243236623846,2.0334805826152067,23.52209763376506,2.203821263977932
160.74307396730717,1.525681548203301,87.9779660603733,1.6955212275620184,53.35791913037762,1.8653609069207358,34.76974041194602,2.035200586279453,23.66549026554151,2.2050402656381705
160.162740496918,1.5289045578795717,87.99979448043962,1.6982432352342811,53.51449104693029,1.8675819125889905,34.93702889298742,2.0369205899437,23.809109178144205,2.2062592672984094
159.588097283814,1.5321275675558423,88.02140598320935,1.7009652429065436,53.67066036795767,1.869802918257245,35.10430558834329,2.0386405936079464,23.95295842856151,2.207478268958648
159.01912334516751,1.535350577232113,88.04283135186897,1.7036872505788063,53.82644374105383,1.8720239239254997,35.271578279109605,2.040360597272193,24.09704209825439,2.2086972706188863
158.45579709578823,1.5385735869083836,88.06410080003643,1.7064092582510688,53.98185768544966,1.8742449295937542,35.43885474933748,2.0420806009364396,24.241364293543548,2.209916272279125
157.89809639130067,1.5417965965846543,88.08524398683555,1.7091312659233315,54.136918595210425,1.8764659352620088,35.60614278687664,2.043800604600686,24.385929146001715,2.2111352739393633
157.34599856949245,1.545019606260925,88.10629003162914,1.7118532735955942,54.29164274239991,1.8786869409302636,35.773450184222455,2.045520608264933,24.53074081285101,2.212354275599602
156.7994804899082,1.5482426159371956,88.12726752841846,1.7145752812678567,54.44604628021111,1.8809079465985181,35.94078473936653,2.0472406119291793,24.67580347736502,2.2135732772598407
156.25851857176147,1.551465625613466,88.14820455991847,1.7172972889401192,54.60014524606516,1.8831289522667727,36.10815425665182,2.048960615593426,24.82112134927662,2.214792278920079
155.7230888302331,1.5546886352897367,88.1691287113184,1.720019296612382,54.75395556467912,1.8853499579350272,36.27556654763134,2.0506806192576725,24.96669866519063,2.2160112805803176
155.19316691122657,1.5579116449660073,88.19006708373566,1.7227413042846447,54.90749305110355,1.8875709636032818,36.44302943193169,2.052400622921919,25.11253968900189,2.217230282240556
154.66872812463856,1.561134654642278,88.21104630737175,1.7254633119569072,55.06077341373078,1.8897919692715366,36.61055073812074,2.054120626586166,25.258648712319,2.218449283900795
154.14974747621133,1.5643576643185486,88.23209255437878,1.7281853196291699,55.21381225727475,1.892012974939791,36.778138304580295,2.055840630250412,25.405030054893285,2.2196682855610335
153.63619969802207,1.5675806739948193,88.25323155144422,1.7309073273014324,55.36662508572375,1.8942339806080457,36.94579998038379,2.057560633914659,25.551688065053856,2.220887287221272
153.12805927766803,1.5708036836710897,88.27448859210132,1.733629334973695,55.51922730526572,1.8964549862763003,37.11354362617874,2.0592806375789054,25.69862712014811,2.2221062888815104
152.6253004862,1.5740266933473603,88.29588854877403,1.7363513426459576,55.671634227188925,1.8986759919445548,37.281377115075045,2.061000641243152,25.845851626988132,2.223325290541749
152.1278974048569,1.577249703023631,88.31745588456238,1.7390733503182203,55.82386107075657,1.9008969976128094,37.44930833353835,2.0627206449073987,25.993366022303185,2.224544292201988
151.63582395065,1.5804727126999016,88.33921466477663,1.7417953579904828,55.97592296605839,1.903118003281064,37.61734518228934,2.064440648571645,26.14117477319806,2.2257632938622263
151.14905390084806,1.5836957223761723,88.36118856822675,1.7445173656627455,56.12783495683832,1.9053390089493187,37.785495577209424,2.066160652235892,26.28928237761811,2.2269822955224647
150.66756091640326,1.586918732052443,88.38340089827398,1.7472393733350082,56.27961200330024,1.9075600146175733,37.95376745025163,2.0678806559001384,26.43769336481995,2.228201297182703
150.19131856436823,1.5901417417287136,88.40587459365148,1.7499613810072707,56.43126898489214,1.9097810202858279,38.122168750358945,2.0696006595643848,26.586412295849087,2.229420298842942
149.7203003393427,1.5933647514049842,88.42863223906033,1.7526833886795334,56.582820703069274,1.9120020259540824,38.29070744438864,2.0713206632286316,26.735443764023575,2.2306393005031806
149.25447968399035,1.5965877610812549,88.45169607554762,1.755405396351796,56.73428188403806,1.914223031622337,38.45939151804335,2.073040666892878,26.884792395425126,2.231858302163419
148.79383000866676,1.5998107707575255,88.47508801067188,1.7581274040240586,56.88566718148022,1.9164440372905918,38.62822897680988,2.074760670557125,27.034462849396085,2.2330773038236575
148.33832471019434,1.6030337804337962,88.49882962846323,1.7608494116963214,57.03699117925907,1.918665042958846,38.79722784690442,2.0764806742213713,27.18445981904391,2.234296305483896
147.88793718981995,1.6062567901100668,88.52294219918312,1.7635714193685839,57.188268394108505,1.9208860486271009,38.9663961762261,2.0782006778856177,27.334788031752606,2.235515307144135
147.4426408703908,1.6094797997863375,88.54744668888961,1.7662934270408464,57.33951327830479,1.9231070542953554,39.135742035317705,2.0799206815498645,27.485452249700884,2.2367343088043734
147.00240921278052,1.6127028094626081,88.57236376881396,1.769015434713109,57.49074022232315,1.92532805996361,39.30527351833469,2.081640685214111,27.63645727038834,2.237953310464612
146.56721573159808,1.6159258191388788,88.59771382455457,1.7717374423853718,57.641963557478434,1.9275490656318646,39.47499874402247,2.083360688878358,27.78780792716843,2.2391723121248504
146.1370340102086,1.6191488288151494,88.62351696509165,1.7744594500576343,57.7931975585527,1.9297700713001191,39.64492585670198,2.085080692542604,27.9395090897894,2.2403913137850893
145.71183771509808,1.62237183849142,88.64979303163078,1.7771814577298968,57.94445644640794,1.931991076968374,39.815063027264294,2.0868006962068506,28.091565664942458,2.2416103154453277
145.29160060960652,1.6255948481676907,88.67656160627763,1.7799034654021595,58.095754390587174,1.9342120826366285,39.98541845417392,2.0885206998710975,28.243982596818558,2.242829317105566
144.87629656705968,1.6288178578439612,88.70384202055043,1.7826254730744222,58.24710551190304,1.936433088304883,40.156000364481585,2.090240703535344,28.3967648676723,2.2440483187658047
144.46589958332362,1.6320408675202318,88.73165336373496,1.7853474807466847,58.39852388501514,1.9386540939731376,40.32681701484666,2.0919607071995907,28.549917498394706,2.245267320426043
144.06038378880766,1.6352638771965025,88.76001449108611,1.7880694884189472,58.55002354099757,1.9408750996413922,40.497876692568894,2.093680710863837,28.7034455490938,2.246486322086282
143.6597234599393,1.638486886872773,88.78894403188092,1.79079149609121,58.7016184698961,1.943096105309647,40.669187716631,2.0954007145280835,28.857354119683656,2.2477053237465205
143.26389303013482,1.6417098965490438,88.81846039732851,1.7935135037634726,58.8533226232768,1.9453171109779015,40.840758438751045,2.0971207181923304,29.011648350482595,2.248924325406759
142.87286710028656,1.6449329062253144,88.84858178833953,1.7962355114357353,59.005149916766946,1.947538116646156,41.01259724444528,2.0988407218565768,29.166333422819495,2.2501433270669975
142.48662044878967,1.648155915901585,88.87932620316131,1.7989575191079978,59.157114232587844,1.9497591223144106,41.18471255410296,2.1005607255208236,29.321414559649288,2.251362328727236
142.10512804112793,1.6513789255778555,88.91071144488183,1.8016795267802603,59.30922942208185,1.9519801279826652,41.35711282407108,2.10228072918507,29.476897026177735,2.252581330387475
141.7283650390371,1.6546019352541261,88.942755128807,1.804401534452523,59.461509308232884,1.95420113365092,41.52980654775167,2.1040007328493164,29.632786130494978,2.2538003320477134
141.35630680926826,1.6578249449303968,88.97547468971572,1.8071235421247858,59.61396768818265,1.9564221393191743,41.70280225671053,2.1057207365135633,29.78908722421925,2.255019333707952
140.98892893196538,1.6610479546066674,89.00888738899538,1.8098455497970483,59.76661833574218,1.958643144987429,41.87610852179804,2.1074407401778097,29.945805703149574,2.2562383353681903
140.6262072086764,1.664270964282938,89.04301032166352,1.8125675574693108,59.919475003899834,1.9608641506556836,42.04973395428276,2.1091607438420565,30.10294700792861,2.2574573370284288
140.26811767001587,1.6674939739592087,89.07786042327821,1.8152895651415735,60.07255142732691,1.9630851563239382,42.223687206997425,2.110880747506303,30.260516624715375,2.2586763386886677
139.91463658299278,1.6707169836354794,89.11345447674108,1.8180115728138362,60.22586132488102,1.9653061619921928,42.3979769754987,2.1126007511705494,30.418520085868057,2.259895340348906
139.5657404580211,1.67393999331175,89.1498091189972,1.820733580486099,60.37941840210877,1.9675271676604473,42.572611999239875,2.114320754834796,30.57696297063757,2.2611143420091446
139.22140605562709,1.6771630029880207,89.18694084763466,1.8234555881583614,60.53323635374748,1.9697481733287021,42.747601062757404,2.1160407584990426,30.73585090587131,2.262333343669383
138.88161039286896,1.6803860126642913,89.22486602738795,1.826177595830624,60.687328866227666,1.9719691789969567,42.92295299687219,2.1177607621632895,30.89518956672784,2.263552345329622
138.54633074948066,1.683609022340562,89.26360089654867,1.8288996035028866,60.84170962017685,1.9741901846652112,43.09867667990467,2.119480765827536,31.0549846774024,2.2647713469898605
138.215544673756,1.6868320320168326,89.30316157328618,1.8316216111751493,60.99639229292505,1.9764111903334658,43.27478103890548,2.1212007694917823,31.215242011864042,2.265990348650099
137.88922998818342,1.6900550416931033,89.3435640618825,1.8343436188474118,61.15139056101335,1.9786321960017204,43.451275050900875,2.122920773156029,31.375967394603713,2.2672093503103374
137.5673647948453,1.693278051369374,89.38482425888424,1.8370656265196743,61.30671810270582,1.9808532016699751,43.62816774415419,2.1246407768202755,31.537166701394277,2.2684283519705764
137.24992748059398,1.6965010610456446,89.42695795917464,1.839787634191937,61.46238860050603,1.9830742073382295,43.805468199443176,2.1263607804845224,31.698845860061976,2.269647353630815
136.93689672201495,1.6997240707219152,89.46998086196983,1.8425096418641997,61.61841574367867,1.9852952130064843,43.983185551353806,2.128080784148769,31.86101085127073,2.2708663552910533
136.62825149018877,1.7029470803981859,89.51390857674046,1.8452316495364622,61.774813230777426,1.9875162186747388,44.16132898959108,2.129800787813015,32.02366770931804,2.2720853569512918
136.32397105526312,1.7061700900744565,89.5587566290644,1.8479536572087247,61.93159477217929,1.9897372243429934,44.33990776030702,2.131520791477262,32.18682252294376,2.2733043586115302
136.02403499084454,1.709393099750727,89.60454046641155,1.8506756648809874,62.08877409262715,1.991958230011248,44.51893116744623,2.1332407951415084,32.35048143615179,2.274523360271769
135.72842317822045,1.7126161094269976,89.65127546386407,1.8533976725532502,62.24636493378024,1.9941792356795025,44.69840857411002,2.1349607988057553,32.514650649044405,2.2757423619320076
135.43711581041993,1.7158391191032683,89.6989769297759,1.8561196802255129,62.404381056774774,1.9964002413477573,44.878349403938444,2.1366808024700017,32.679336418670566,2.276961363592246
135.1500933961249,1.719062128779539,89.74766011137366,1.8588416878977754,62.562836244793864,1.9986212470160118,45.058763142512284,2.138400806134248,32.8445450598872,2.2781803652524846
134.8673367634372,1.7222851384558095,89.79734020030169,1.8615636955700379,62.72174430564967,2.0008422526842664,45.239659338773635,2.140120809798495,33.01028294623468,2.279399366912723
134.58882706351477,1.7255081481320802,89.84803233811465,1.8642857032423006,62.88111907437659,2.003063258352521,45.42104760646695,2.1418408134627414,33.1765565108263,2.280618368572962
134.31454577408044,1.7287311578083506,89.89975162172011,1.8670077109145633,63.04097441583755,2.0052842640207755,45.60293762560054,2.143560817126988,33.343372247251985,2.2818373702332004
134.04447470281556,1.7319541674846213,89.95251310877399,1.8697297185868258,63.201324227344706,2.0075052696890303,45.78533914392887,2.1452808207912346,33.51073671049725,2.283056371893439
133.7785959906438,1.735177177160892,90.00633182303106,1.8724517262590883,63.36218244129385,2.0097262753572847,45.968261978456475,2.147000824455481,33.67865651787649,2.2842753735536774
133.51689211491407,1.7384001868371626,90.06122275965477,1.875173733931351,63.52356302781509,2.0119472810255394,46.15171601696372,2.148720828119728,33.84713834998196,2.285494375213916
133.25934589248865,1.7416231965134332,90.11720089048669,1.8778957416036137,63.685479997439934,2.0141682866937938,46.33571121955482,2.1504408317839743,34.01618895164821,2.2867133768741548
133.00594048274536,1.7448462061897039,90.17428116928028,1.8806177492758762,63.847947403785504,2.0163892923620486,46.52025762022983,2.152160835448221,34.185815132932184,2.2879323785343932
132.75665939049927,1.7480692158659745,90.23247853690064,1.883339756948139,64.01097934625771,2.0186102980303033,46.705365328478855,2.1538808391124675,34.35602377011021,2.2891513801946317
132.51148646885085,1.7512922255422452,90.29180792649329,1.8860617646204014,64.17458997277335,2.0208313036985577,46.89104453090178,2.155600842776714,34.526821806690826,2.29037038185487
132.2704059219684,1.7545152352185158,90.35228426862378,1.8887837722926641,64.33879348250318,2.0230523093668125,47.07730549285178,2.157320846440961,34.69821625444481,2.2915893835151087
132.03340230780842,1.7577382448947865,90.41392249639149,1.8915057799649269,64.50360412863546,2.025273315035067,47.26415856010444,2.159040850105207,34.8702141944525,2.2928083851753476
131.80046054078352,1.7609612545710571,90.47673755052041,1.8942277876371894,64.66903622116293,2.0274943207033216,47.451614160553206,2.160760853769454,35.042822778168286,2.294027386835586
131.5715658943803,1.7641842642473278,90.540744384428,1.8969497953094518,64.8351041296925,2.0297153263715764,47.639682805930754,2.1624808574337004,35.21604922850379,2.2952463884958245
131.34670400373602,1.7674072739235984,90.60595796927616,1.8996718029817146,65.0018222862798,2.0319363320398307,47.82837509355806,2.164200861097947,35.38990084092853,2.296465390156063
131.1258608681772,1.770630283599869,90.67239329900644,1.9023938106539773,65.16920518828911,2.0341573377080855,48.0177017081211,2.1659208647621937,35.564384984589836,2.297684391816302
130.90902285372803,1.7738532932761397,90.74006539536127,1.9051158183262398,65.33726740127999,2.03637834337634,48.20767342347584,2.16764086842644,35.73950910345123,2.2989033934765404
130.69617669559196,1.7770763029524104,90.8089893128947,1.9078378259985023,65.5060235619218,2.0385993490445946,48.398301104483146,2.169360872090687,35.9152807174512,2.300122395136779
130.4873095006123,1.780299312628681,90.87918014397425,1.910559833670765,65.67548838093673,2.0408203547128494,48.58959570887256,2.1710808757549334,36.091707423680795,2.3013413967970173
130.28240874971843,1.7835223223049517,90.95065302377765,1.9132818413430277,65.8456766460733,2.0430413603811037,48.7815682891377,2.1728008794191798,36.26879689758216,2.3025603984572562
130.08146230035953,1.786745331981222,91.02342313528479,1.9160038490152904,66.01660322511091,2.0452623660493585,48.97422999446221,2.1745208830834266,36.4465568941673,2.3037794001174947
129.88445838893423,1.7899683416574927,91.09750571427018,1.918725856687553,66.18828306889628,2.047483371717613,49.16759207267813,2.176240886747673,36.624995249258546,2.304998401777733
129.69138563321795,1.7931913513337634,91.17291605429563,1.9214478643598154,66.36073121441454,2.0497043773858676,49.361665872257284,2.17796089041192,36.80411988074994,2.3062174034379717
129.5022330347946,1.796414361010034,91.24966951170813,1.9241698720320781,66.53396278789391,2.0519253830541224,49.556462844335925,2.1796808940761663,36.98393878989103,2.30743640509821
129.31698998149685,1.7996373706863047,91.32778151064299,1.9268918797043408,66.70799300794754,2.0541463887223768,49.75199454477413,2.1814008977404127,37.164460062592994,2.308655406758449
129.13564624985864,1.8028603803625753,91.40726754803727,1.9296138873766033,66.88283718875222,2.0563673943906315,49.948272636250486,2.1831209014046595,37.34569187075754,2.3098744084186875
128.95819200758487,1.8060833900388458,91.48814319865399,1.9323358950488658,67.05851074326556,2.058588400058886,50.1453088903924,2.184840905068906,37.52764247362973,2.311093410078926
128.7846178160439,1.8093063997151164,91.5704241201203,1.9350579027211285,67.23502918648389,2.0608094057271407,50.34311518994436,2.186560908733153,37.710320219174164,2.3123124117391645
128.61491463278418,1.812529409391387,91.65412605798328,1.9377799103933913,67.41240813874103,2.0630304113953954,50.541703530972995,2.188280912397399,37.893733545475925,2.313531413399403
128.44907381408333,1.8157524190676577,91.73926485078363,1.9405019180656538,67.59066332905012,2.06525141706365,50.74108602511172,2.1900009160616456,38.07789098216638,2.314750415059642
128.28708711752935,1.8189754287439284,91.82585643515203,1.9432239257379165,67.76981059848934,2.067472422731904,50.941274901844885,2.1917209197258924,38.262801151874214,2.3159694167198803
128.1289467046428,1.822198438420199,91.91391685092981,1.945945933410179,67.94986590363422,2.069693428400159,51.14228251083238,2.193440923390139,38.44847277170317,2.317188418380119
127.97464514353942,1.8254214480964697,92.00346224631602,1.9486679410824417,68.13084532003592,2.0719144340684137,51.344121324276394,2.1951609270543857,38.63491465473559,2.3184074200403573
127.82417541164159,1.8286444577727403,92.094508883045,1.9513899487547044,68.31276504574927,2.074135439736668,51.54680393933025,2.196880930718632,38.82213571156356,2.3196264217005957
127.67753089843912,1.831867467449011,92.18707314159553,1.954111956426967,68.49564140491078,2.076356445404923,51.750343080551765,2.1986009343828785,39.01014495184779,2.3208454233608347
127.53470540830587,1.8350904771252816,92.28117152643546,1.9568339640992294,68.67949085136826,2.078577451073177,51.95475160240054,2.2003209380471254,39.19895148590441,2.322064425021073
127.3956931633752,1.8383134868015523,92.37682067130358,1.959555971771492,68.86432997236454,2.080798456741432,52.16004249178185,2.2020409417113718,39.38856452632148,2.3232834266813116
127.26048880647795,1.841536496477823,92.47403734453277,1.9622779794437548,69.05017549227591,2.0830194624096867,52.36622887063707,2.2037609453756186,39.57899338960439,2.32450242834155
127.1290874041473,1.8447595061540936,92.5728384544158,1.9649999871160173,69.237044276408,2.085240468077941,52.573323998582524,2.205480949039865,39.77024749785185,2.3257214300017885
127.00148444969535,1.8479825158303642,92.67324105461725,1.9677219947882798,69.42495333484992,2.087461473746196,52.78134127559757,2.2072009527041114,39.96233638046272,2.3269404316620275
126.87767586636362,1.8512055255066349,92.77526234963521,1.9704440024605425,69.61391982638916,2.08968247941445,52.990294244763255,2.2089209563683583,40.15526967587422,2.328159433322266
126.75765801055276,1.8544285351829055,92.87891970031342,1.9731660101328052,69.80396106248905,2.091903485082705,53.20019659505254,2.2106409600326047,40.3490571333328,2.3293784349825044
126.64142767513535,1.8576515448591762,92.9842306294103,1.975888017805068,69.99509451132995,2.0941244907509597,53.4110621641742,2.2123609636968515,40.543708614697756,2.330597436642743
126.52898209285563,1.8608745545354468,93.09121282722361,1.9786100254773304,70.1873378019171,2.096345496419214,53.62290494147024,2.214080967361098,40.73923409627851,2.331816438302982
126.42031893981947,1.8640975642117175,93.19988415727819,1.981332033149593,70.38070872825685,2.098566502087469,53.83573907087,2.2158009710253443,40.93564367070629,2.3330354399632203
126.31543633907991,1.867320573887988,93.31026266207597,1.9840540408218557,70.57522525360248,2.100787507755723,54.049578853900414,2.217520974689591,41.13294754884151,2.3342544416234587
126.21433286432237,1.8705435835642585,93.42236656891437,1.9867760484941184,70.77090551477305,2.103008513423978,54.26443875275543,2.2192409783538376,41.331156061716705,2.335473443283697
126.1170075436516,1.8737665932405292,93.53621429577441,1.9894980561663809,70.9677678265463,2.1052295190922328,54.48033339342545,2.2209609820180845,41.53027966251647,2.336692444943936
126.02345986348729,1.8769896029167998,93.65182445728296,1.9922200638386434,71.16583068612863,2.107450524760487,54.69727756888755,2.222680985682331,41.730328928594865,2.3379114466041746
125.93368977257084,1.8802126125930705,93.76921587075178,1.994942071510906,71.36511277770418,2.109671530428742,54.915286242359805,2.2244009893465773,41.93131456353182,2.339130448264413
125.84769768608817,1.8834356222693411,93.88840756229706,1.9976640791831688,71.56563297706434,2.1118925360969962,55.13437455061938,2.226120993010824,42.133247399228445,2.3403494499246515
125.76548448991225,1.8866586319456116,94.00941877304265,2.000386086855431,71.76741035632242,2.114113541765251,55.35455780738687,2.2278409966750705,42.3361383980428,2.34156845158489
125.68705154497128,1.8898816416218822,94.13226896541154,2.0031080945276942,71.97046418871321,2.116334547433506,55.57585150677939,2.2295610003393174,42.53999865496698,2.342787453245129
125.61240069174467,1.8931046512981529,94.25697782950742,2.0058301021999565,72.17481395348204,2.11855555310176,55.79827132683224,2.2312810040035638,42.74483939984588,2.3440064549053674
125.54153425489388,1.8963276609744235,94.38356528959159,2.008552109872219,72.3804793408653,2.120776558770015,56.02183313309276,2.23300100766781,42.950671999639916,2.345225456565606
125.47445504803014,1.8995506706506942,94.51205151065855,2.011274117544482,72.5874802571638,2.1229975644382693,56.24655298228701,2.234721011332057,43.15750796073096,2.3464444582258444
125.41116637862655,1.9027736803269648,94.64245690511386,2.013996125216744,72.7958368299145,2.125218570106524,56.4724471260614,2.2364410149963034,43.36535893127396,2.347663459886083
125.35167205307633,1.9059966900032355,94.77480213955822,2.016718132889007,73.00556941316067,2.127439575774779,56.6995320148019,2.2381610186605503,43.57423670359452,2.3488824615463217
125.29597638190518,1.909219699679506,94.90910814168285,2.0194401405612696,73.21669859282468,2.129660581443033,56.927824301531714,2.2398810223247967,43.78415321663346,2.35010146320656
125.24408418513958,1.9124427093557768,95.04539610727845,2.0221621482335324,73.42924519218678,2.1318815871112875,57.157340845890054,2.241601025989043,43.995120558440526,2.3513204648667987
125.19600079783923,1.9156657190320474,95.18368750736403,2.024884155905795,73.64323027747196,2.1341025927795423,57.38809871819449,2.24332102965329,44.20715096871661,2.352539466527037
125.15173207579626,1.918888728708318,95.32400409543833,2.0276061635780573,73.8586751635486,2.136323598447797,57.620115203587545,2.2450410333175363,44.42025684140724,2.3537584681872756
125.11128440140789,1.9221117383845887,95.46636791485965,2.03032817125032,74.07560141974217,2.1385446041160514,57.853407806272116,2.246761036981783,44.63445072734759,2.3549774698475145
125.07466468972801,1.9253347480608594,95.61080130635766,2.0330501789225828,74.29403087576716,2.140765609784306,58.087994253835376,2.2484810406460296,44.849745336960474,2.356196471507753
125.04188039470233,1.92855775773713,95.75732691568221,2.0357721865948455,74.51398562778088,2.1429866154525605,58.323892501665625,2.250201044310276,45.06615354300922,2.3574154731679915
125.01293951559396,1.9317807674134007,95.90596770139452,2.038494194267108,74.73548804456263,2.1452076211208153,58.5611207374635,2.251921047974523,45.28368838340529,2.35863447482823
124.9878506036045,1.9350037770896713,96.0567469428051,2.0412162019393705,74.95856077382152,2.14742862678907,58.79969738584954,2.2536410516387693,45.50236306407352,2.3598534764884684
124.96662276869685,1.938226786765942,96.2096882480636,2.043938209611633,75.18322674863732,2.1496496324573244,59.03964111307248,2.255361055303016,45.72219096187525,2.3610724781487074
124.94926568662632,1.9414497964422126,96.36481556240606,2.046660217283896,75.40950919403822,2.151870638125579,59.28097083181849,2.2570810589672625,45.94318562759111,2.362291479808946
124.93578960618542,1.944672806118483,96.52215317656501,2.049382224956158,75.63743163371835,2.1540916437938336,59.5237057061264,2.258801062631509,46.16536078896544,2.3635104814691843
124.92620535667054,1.9478958157947537,96.68172573534767,2.052104232628421,75.86701789690132,2.1563126494620883,59.76786515640987,2.2605210662957558,46.388730353812655,2.3647294831294228
124.92052435557484,1.9511188254710243,96.843558246388,2.0548262403006836,76.09829212535143,2.158533655130343,60.01346886459032,2.262241069960002,46.61330841318816,2.3659484847896617
124.91875861651705,1.954341835147295,97.00767608907938,2.0575482479729463,76.33127878053948,2.1607546607985975,60.26053677934384,2.263961073624249,46.83910924462455,2.3671674864499
124.92092075741122,1.9575648448235656,97.17410502369218,2.060270255645209,76.56600265096563,2.1629756664668522,60.50908912146391,2.2656810772884954,47.066147315435735,2.3683864881101386
124.92702400888486,1.9607878544998363,97.34287120068439,2.0629922633174713,76.80248885964536,2.1651966721351066,60.759146389344686,2.267401080952742,47.29443728608937,2.369605489770377
124.93708222295488,1.9640108641761067,97.51400117021053,2.065714270989734,77.04076287176268,2.1674176778033614,61.01072936458674,2.2691210846169887,47.523994013650224,2.370824491430616
124.9511098819666,1.9672338738523774,97.6875218918358,2.0684362786619968,77.28085050249562,2.169638683471616,61.263859117729055,2.270841088281235,47.75483255529557,2.3720434930908545
124.96912210780607,1.970456883528648,97.86346074446253,2.0711582863342595,77.52277792501903,2.1718596891398705,61.51855701411151,2.272561091945482,47.986968171905566,2.373262494751093
124.99113467139249,1.9736798932049187,98.04184553647544,2.073880294006522,77.76657167869097,2.1740806948081253,61.77484471986962,2.2742810956097284,48.22041633172863,2.3744814964113314
125.01716400245992,1.9769029028811893,98.22270451611367,2.0766023016787845,78.01225867742595,2.1763017004763796,62.03274420806732,2.2760010992739748,48.455192714125396,2.37570049807157
125.04722719963698,1.98012591255746,98.4060663820767,2.079324309351047,78.25986621826335,2.1785227061446344,62.292277764969874,2.2777211029382216,48.69131321339236,2.376919499731809
125.08134204083393,1.9833489222337306,98.59196029437149,2.08204631702331,78.50942199013451,2.180743711812889,62.55346799646143,2.279441106602468,48.928793942666935,2.3781385013920473
125.11952699394594,1.9865719319100013,98.7804158854096,2.084768324695572,78.76095408283597,2.1829647174811435,62.816337834611765,2.281161110266715,49.16765123791737,2.3793575030522858
125.16180122788317,1.989794941586272,98.97146327136234,2.087490332367835,79.01449099621443,2.185185723149398,63.08091054439516,2.2828811139309613,49.40790166201794,2.3805765047125242
125.20818462393669,1.9930179512625426,99.1651330637819,2.0902123400400976,79.27006164957004,2.1874067288176526,63.347209730567016,2.2846011175952077,49.64956200891254,2.3817955063727627
125.25869778749166,1.9962409609388132,99.36145638149753,2.0929343477123603,79.52769539128411,2.1896277344859074,63.61525934470155,2.2863211212594545,49.89264930786897,2.3830145080330016
125.31336206009766,1.9994639706150839,99.5604648627969,2.095656355384623,79.78742200867909,2.191848740154162,63.88508369239551,2.288041124923701,50.13718082782557,2.38423350969324
125.37219953190815,2.0026869802913545,99.76219067789982,2.0983783630568853,80.04927173811704,2.1940697458224165,64.1567074406432,2.289761128587948,50.38317408183371,2.3854525113534786
125.4352330544998,2.005909989967625,99.96666654173629,2.101100370729148,80.31327527534397,2.196290751490671,64.4301556253861,2.291481132252194,50.630646831597296,2.386671513013717
125.50248625408409,2.009132999643896,100.17392572703741,2.1038223784014107,80.57946378608808,2.1985117571589257,64.70545365924424,2.2932011359164406,50.87961709211271,2.3878905146739555
125.57398354512361,2.0123560093201665,100.38400207775028,2.1065443860736734,80.8478689169191,2.2007327628271804,64.98262733943253,2.2949211395806874,51.13010313641145,2.3891095163341944
125.64975014436516,2.015579018996437,100.5969300227871,2.109266393745936,81.11852280637713,2.202953768495435,65.2617028558682,2.296641143244934,51.38212350040793,2.390328517994433
125.72981208530419,2.0188020286727077,100.81274459012018,2.1119884014181984,81.39145809637952,2.2051747741636896,65.54270679947557,2.2983611469091807,51.63569698785618,2.3915475196546714
125.81419623309304,2.0220250383489784,101.03148142123355,2.114710409090461,81.66670794391388,2.207395779831944,65.82566617069209,2.300081150573427,51.89084267541675,2.39276652131491
125.90293029990758,2.025248048025249,101.25317678594398,2.117432416762724,81.94430603302658,2.2096167855001987,66.11060838818346,2.3018011542376735,52.14757991783799,2.3939855229751483
125.99604286078764,2.0284710577015197,101.47786759760335,2.120154424434986,82.22428658711554,2.2118377911684535,66.39756129777257,2.3035211579019204,52.40592835325432,2.3952045246353872
126.09356336996593,2.0316940673777903,101.70559142869402,2.122876432107249,82.50668438153765,2.214058796836708,66.6865531815886,2.3052411615661668,52.665907908604,2.3964235262956257
126.1955221777012,2.034917077054061,101.9363865268328,2.1255984397795116,82.79153475653997,2.2162798025049626,66.9776127674441,2.3069611652304136,52.92753880517119,2.397642527955864
126.30195054763249,2.0381400867303316,102.1702918311947,2.1283204474517743,83.07887363052511,2.218500808173217,67.27076923844463,2.30868116889466,53.19084156425359,2.3988615296161027
126.41288067467157,2.0413630964066023,102.4073469893722,2.131042455124037,83.36873751366157,2.2207218138414717,67.56605224283999,2.3104011725589064,53.45583701296053,2.4000805312763416
126.52834570345108,2.044586106082873,102.64759237468442,2.1337644627962993,83.66116352185004,2.2229428195097265,67.86349190412278,2.3121211762231533,53.72254629014404,2.40129953293658
126.64837974734667,2.0478091157591436,102.89106910395085,2.136486470468562,83.95618939105672,2.225163825177981,68.16311883138174,2.3138411798873997,53.99099085246784,2.4025185345968185
126.77301790809265,2.0510321254354142,103.13781905574601,2.1392084781408247,84.25385349202637,2.2273848308462356,68.46496412991911,2.3155611835516465,54.26119248061614,2.403737536257057
126.90229629601114,2.0542551351116844,103.38788488915125,2.1419304858130874,84.55419484538528,2.22960583651449,68.7690594121373,2.317281187215893,54.533173285647834,2.404956537917296
127.03625205087437,2.057478144787955,103.64131006302073,2.14465249348535,84.8572531371498,2.2318268421827447,69.0754368087058,2.3190011908801393,54.806955715498354,2.4061755395775344
127.17492336342211,2.0607011544642257,103.8981388557788,2.1473745011576124,85.16306873465025,2.2340478478509995,69.3841289800149,2.320721194544386,55.08256256163528,2.407394541237773
127.31834949755762,2.0639241641404964,104.15841638576777,2.150096508829875,85.47168270288704,2.236268853519254,69.69516912792524,2.3224411982086326,55.36001696587008,2.4086135428980113
127.46657081324291,2.067147173816767,104.4221886321646,2.152818516502138,85.78313682133023,2.2384898591875086,70.00859100782364,2.3241612018728794,55.63934242733104,2.40983254455825
127.61962879011988,2.0703701834930377,104.68950245648588,2.1555405241744006,86.09747360117903,2.240710864855763,70.32442894099259,2.325881205537126,55.920562809602366,2.4110515462184887
127.7775660518799,2.0735931931693083,104.96040562470239,2.1582625318466633,86.41473630309612,2.2429318705240178,70.64271782730489,2.3276012092013723,56.20370234803273,2.412270547878727
127.94042639141024,2.076816202845579,105.23494682998374,2.1609845395189256,86.7349689554314,2.2451528761922726,70.96349315825236,2.329321212865619,56.48878565722005,2.4134895495389657
128.1082547967426,2.0800392125218496,105.51317571609596,2.1637065471911883,87.05821637295305,2.247373881860527,71.28679103031921,2.3310412165298655,56.775837738675264,2.414708551199204
128.2810974778328,2.0832622221981203,105.7951429014738,2.166428554863451,87.38452417610175,2.2495948875287812,71.61264815871186,2.3327612201941124,57.06488398867164,2.4159275528594426
128.45900189420072,2.086485231874391,106.08090000399238,2.1691505625357133,87.71393881078664,2.251815893197036,71.94110189145462,2.3344812238583588,57.355950206284426,2.4171465545196815
128.64201678346103,2.0897082415506616,106.37049966646357,2.171872570207976,88.04650756873919,2.254036898865291,72.27219022386483,2.336201227522605,57.64906260162566,2.41836555617992
128.83019219077633,2.092931251226932,106.663995582881,2.1745945778802387,88.38227860844715,2.2562579045335456,72.60595181341766,2.337921231186852,57.9442478042814,2.4195845578401585
129.02357949926608,2.0961542609032024,106.96144252544258,2.1773165855525014,88.72130097668553,2.2584789102018,72.94242599501396,2.3396412348510984,58.241532871955165,2.420803559500397
129.22223146140556,2.099377270579473,107.2628963723764,2.180038593224764,89.0636246306661,2.2606999158700543,73.28165279666446,2.3413612385153453,58.54094529932466,2.4220225611606354
129.4262022314508,2.1026002802557437,107.56841413660126,2.1827606008970264,89.40930046082708,2.262920921538309,73.62367295560217,2.3430812421795917,58.842513027118024,2.4232415628208743
129.63554739892666,2.1058232899320144,107.87805399524973,2.185482608569289,89.75838031428387,2.265141927206564,73.96852793483875,2.344801245843838,59.14626445141497,2.424460564481113
129.85032402321784,2.109046299608285,108.19187532008601,2.188204616241552,90.11091701896525,2.267362932874818,74.31625994017759,2.346521249508085,59.452228433181396,2.4256795661413513
130.0705906693028,2.1122693092845557,108.50993870885243,2.1909266239138145,90.46696440845793,2.269583938543073,74.66691193769923,2.3482412531723313,59.76043430804168,2.4268985678015897
130.2964074446725,2.1154923189608263,108.83230601757661,2.1936486315860773,90.82657734758408,2.2718049442113273,75.02052767173511,2.349961256836578,60.070911896297666,2.428117569461828
130.52783603747946,2.118715328637097,109.15904039387623,2.1963706392583395,91.1898117587389,2.274025949879582,75.37715168334414,2.3516812605008246,60.383691513200986,2.429336571122067
130.764939755963,2.1219383383133676,109.49020631129713,2.1990926469306022,91.55672464901315,2.276246955547837,75.7368293293108,2.353401264165071,60.69880397948551,2.4305555727823056
131.00778356919713,2.1251613479896383,109.82586960472455,2.201814654602865,91.92737413813035,2.278467961216091,76.09960680168018,2.355121267829318,61.01628063216962,2.431774574442544
131.25643414921353,2.128384357665909,110.16609750690682,2.2045366622751272,92.30181948722695,2.280688966884346,76.4655311478485,2.3568412714935643,61.33615333563383,2.4329935761027826
131.5109599145513,2.1316073673421796,110.51095868613264,2.20725866994739,92.68012112850478,2.2829099725526003,76.83465029122915,2.358561275157811,61.65845449298422,2.4342125777630215
131.77143107528775,2.1348303770184502,110.86052328510713,2.2099806776196527,93.06234069578939,2.285130978220855,77.20701305251042,2.3602812788220575,61.983217057708394,2.43543157942326
132.03791967960746,2.138053386694721,111.21486296107095,2.2127026852919154,93.44854105602454,2.28735198388911,77.58266917152888,2.362001282486304,62.31047454563533,2.4366505810834984
132.31049966197043,2.1412763963709915,111.57405092720948,2.215424692964178,93.83878634173902,2.289572989557364,77.96166932977602,2.3637212861505508,62.64026104720546,2.437869582743737
132.58924689294048,2.144499406047262,111.93816199540366,2.2181467006364404,94.23314198452023,2.291793995225619,78.34406517356109,2.365441289814797,62.97261124006278,2.439088584403976
132.87423923074027,2.147722415723533,112.30727262037092,2.220868708308703,94.63167474953133,2.2940150008938733,78.72990933785397,2.367161293479044,63.307560401977064,2.4403075860642143
133.1655565746001,2.1509454253998035,112.68146094525326,2.223590715980966,95.03445277111192,2.296236006562128,79.1192554708283,2.3688812971432904,63.645144424108665,2.4415265877244527
133.4632809199724,2.154168435076074,113.06080684870645,2.2263127236532285,95.44154558950044,2.298457012230383,79.51215825913287,2.370601300807537,63.985399824623705,2.442745589384691
133.7674964156873,2.157391444752345,113.44539199355032,2.2290347313254912,95.85302418872188,2.3006780178986372,79.90867345391385,2.3723213044717837,64.32836376267294,2.4439645910449297
134.0782894231258,2.1606144544286154,113.83529987704075,2.2317567389977535,96.26896103568416,2.302899023566892,80.3088578976149,2.37404130813603,64.67407405274416,2.4451835927051686
134.39574857749346,2.163837464104886,114.23061588282897,2.2344787466700162,96.68943012052732,2.3051200292351464,80.71276955158393,2.375761311800277,65.02256917940039,2.446402594365407
134.71996485127968,2.1670604737811567,114.63142733467271,2.237200754342279,97.11450699827579,2.307341034903401,81.12046752451225,2.3774813154645233,65.3738883124168,2.4476215960256456
135.05103161999264,2.1702834834574274,115.03782355197178,2.239922762014541,97.54426883184034,2.309562040571656,81.53201210173894,2.3792013191287698,65.72807132232722,2.448840597685884
135.38904473026284,2.173506493133698,115.44989590720014,2.242644769686804,97.97879443642375,2.3117830462399103,81.94746477544852,2.3809213227930166,66.08515879639488,2.4500595993461225
135.7341025704145,2.1767295028099687,115.8677378853112,2.2453667773590666,98.4181643253835,2.3140040519081646,82.36688827579523,2.382641326457263,66.44519205502024,2.4512786010063614
136.08630614360703,2.1799525124862393,116.29144514519639,2.2480887850313294,98.8624607576074,2.3162250575764194,82.79034660298824,2.38436133012151,66.80821316859962,2.4524976026666
136.44575914365558,2.18317552216251,116.72111558328164,2.250810792703592,99.31176778646143,2.318446063244674,83.21790506037014,2.3860813337857563,67.17426497485044,2.4537166043268384
136.81256803364224,2.1863985318387806,117.15684939934937,2.2535328003758544,99.7661713103723,2.3206670689129285,83.6496302885283,2.3878013374500027,67.54339109661676,2.454935605987077
137.18684212743835,2.1896215415150513,117.59874916467733,2.256254808048117,100.22575912510773,2.3228880745811833,84.08559030047337,2.3895213411142495,67.91563596017119,2.4561546076473153
137.5686936742617,2.192844551191322,118.04691989259115,2.25897681572038,100.69062097782178,2.3251090802494376,84.52585451792656,2.391241344778496,68.29104481403023,2.457373609307554
137.95823794639907,2.1960675608675926,118.50146911153202,2.2616988233926425,101.16084862293738,2.3273300859176924,84.97049380875711,2.3929613484427428,68.66966374829816,2.4585926109677927
138.35559333023147,2.1992905705438632,118.96250694074442,2.264420831064905,101.63653587993623,2.329551091585947,85.41958052560992,2.394681352106989,69.05153971455961,2.459811612628031
138.76088142070716,2.202513580220134,119.43014616869519,2.2671428387371675,102.11777869313691,2.3317720972542015,85.87318854577173,2.3964013557712356,69.43672054633569,2.4610306142882696
139.17422711941188,2.2057365898964045,119.90450233434066,2.26986484640943,102.60467519353836,2.3339931029224563,86.33139331231895,2.3981213594354824,69.82525498012554,2.462249615948508
139.59575873639733,2.2089595995726747,120.38569381136232,2.272586854081693,103.09732576281453,2.3362141085907107,86.79427187659766,2.399841363099729,70.21719267705079,2.463468617608747
140.02560809593368,2.2121826092489454,120.87384189550093,2.275308861753955,103.59583309954841,2.3384351142589654,87.26190294208675,2.4015613667639757,70.61258424512381,2.4646876192689855
140.46391064636103,2.215405618925216,121.36907089512215,2.2780308694262184,104.1003022877967,2.3406561199272202,87.73436690969443,2.403281370428222,71.01148126216222,2.465906620929224
140.91080557422816,2.2186286286014867,121.87150822515403,2.2807528770984806,104.61084086808255,2.3428771255954746,88.21174592454702,2.4050013740924685,71.41393629936913,2.4671256225894624
141.36643592290773,2.2218516382777573,122.38128450454644,2.2834748847707433,105.12755891091827,2.3450981312637293,88.69412392432476,2.4067213777567154,71.82000294560365,2.4683446242497014
141.83094871589657,2.225074647954028,122.89853365740535,2.286196892443006,105.65056909296153,2.3473191369319837,89.18158668920496,2.4084413814209618,72.22973583236444,2.46956362590994
142.3044950850147,2.2282976576302986,123.42339301796719,2.2889189001152683,106.17998677591987,2.3495401426002385,89.6742218934783,2.4101613850852086,72.64319065951253,2.4707826275701783
142.78723040372995,2.2315206673065693,123.95600343958446,2.2916409077875315,106.71593008831657,2.3517611482684933,90.17211915889929,2.411881388749455,73.06042422175597,2.4720016292304168
143.27931442584614,2.23474367698284,124.4965094079017,2.2943629154597938,107.25852001024278,2.3539821539367476,90.67537010984415,2.4136013924137014,73.4814944359262,2.4732206308906557
143.7809114298082,2.2379666866591106,125.0450591584144,2.2970849231320565,107.80788046122306,2.3562031596050024,91.18406843034465,2.4153213960779483,73.90646036907067,2.474439632550894
144.29219036888807,2.2411896963353812,125.6018047986075,2.299806930804319,108.36413839132842,2.3584241652732567,91.69830992307378,2.4170413997421947,74.33538226739427,2.4756586342111326
144.81332502753037,2.244412706011652,126.1669024348856,2.3025289384765815,108.92742387567958,2.3606451709415115,92.21819257036337,2.4187614034064415,74.76832158607506,2.476877635871371
145.34449418415537,2.247635715687922,126.74051230451555,2.305250946148844,109.49787021248733,2.3628661766097663,92.74381659733297,2.420481407070688,75.20534101998916,2.4780966375316096
145.885881780728,2.2508587253641927,127.32279891281368,2.307972953821107,110.07561402478649,2.3650871822780206,93.27528453721854,2.4222014107349343,75.64650453537513,2.4793156391918485
146.43767709942142,2.2540817350404634,127.91393117582409,2.310694961493369,110.660795366028,2.3673081879462754,93.81270129898903,2.423921414399181,76.0918774024718,2.480534640852087
147.00007494672417,2.257304744716734,128.51408256874632,2.3134169691656323,111.25355782969869,2.3695291936145297,94.35617423734566,2.4256414180634276,76.54152622916648,2.4817536425123254
147.57327584535565,2.2605277543930047,129.12343128038324,2.3161389768378946,111.85404866315297,2.3717501992827845,94.90581322520363,2.4273614217276744,76.9955189956871,2.482972644172564
148.15748623437673,2.2637507640692753,129.74216037390056,2.3188609845101573,112.46241888584296,2.3739712049510393,95.461730728757,2.429081425391921,77.45392509037902,2.4841916458328024
148.75291867790656,2.266973773745546,130.3704579541958,2.32158299218242,113.07882341215068,2.3761922106192936,96.02404188523826,2.4308014290561673,77.9168153466051,2.4854106474930413
149.35979208287694,2.2701967834218166,131.0085173422016,2.3243049998546823,113.70342117903026,2.378413216287548,96.59286458348332,2.432521432720414,78.38426208080953,2.4866296491532798
149.978331926283,2.2734197930980873,131.6565372564584,2.3270270075269455,114.33637527868258,2.3806342219558028,97.16831954742163,2.4342414363846605,78.85633913179174,2.4878486508135182
150.60877049241475,2.276642802774358,132.3147220023125,2.3297490151992077,114.97785309649598,2.3828552276240575,97.75053042261813,2.4359614400489074,79.33312190123088,2.4890676524737567
151.25134712058266,2.2798658124506286,132.9832816691204,2.3324710228714705,115.62802645449827,2.385076233292312,98.33962386599451,2.4376814437131538,79.8146873955114,2.490286654133995
151.906308463881,2.2830888221268992,133.66243233585158,2.335193030543733,116.28707176058,2.3872972389605667,98.93572963887048,2.4394014473774,80.30111426889707,2.491505655794234
152.57390875956537,2.28631183180317,134.35239628551608,2.3379150382159954,116.95517016376014,2.389518244628821,99.53898070346699,2.441121451041647,80.79248286810376,2.4927246574544726
153.2544101116543,2.2895348414794405,135.05340222885962,2.340637045888258,117.63250771578413,2.391739250297076,100.14951332302277,2.4428414547058934,81.28887527832732,2.493943659114711
153.94808278640377,2.292757851155711,135.76568553779703,2.343359053560521,118.31927553935581,2.3939602559653306,100.76746716568626,2.4445614583701403,81.7903753707775,2.4951626607749495
154.6552055213414,2.295980860831982,136.48948848908447,2.346081061232783,119.0156700033254,2.396181261633585,101.39298541234447,2.4462814620343867,82.29706885177998,2.496381662435188
155.3760658485901,2.2992038705082525,137.22506051875718,2.3488030689050463,119.7218929051709,2.3984022673018397,102.02621486857043,2.448001465698633,82.80904331350509,2.497600664095427
156.11096043325577,2.302426880184523,137.97265848789186,2.3515250765773086,120.43815166112846,2.400623272970094,102.6673060808688,2.44972146936288,83.32638828638613,2.4988196657556654
156.86019542770254,2.3056498898607938,138.73254696028926,2.3542470842495713,121.16465950435233,2.402844278638349,103.31641345741588,2.4514414730271263,83.84919529329575,2.500038667415904
157.62408684259123,2.3088728995370644,139.5049984927008,2.356969091921834,121.90163569149863,2.4050652843066036,103.97369539349945,2.453161476691373,84.37755790554628,2.5012576690761423
158.40296093561062,2.312095909213335,140.29029393827165,2.3596910995940963,122.64930571815819,2.407286289974858,104.63931440186934,2.4548814803556196,84.91157180078885,2.5024766707363812
159.19715461889277,2.3153189188896057,141.08872276390372,2.3624131072663594,123.4079015435818,2.4095072956431127,105.3134372482291,2.456601484019866,85.45133482288425,2.5036956723966197
160.0070158861662,2.3185419285658764,141.90058338229073,2.3651351149386217,124.17766182516834,2.411728301311367,105.99623509210419,2.458321487684113,85.9969470438279,2.504914674056858
160.83290426076914,2.321764938242147,142.72618349942576,2.3678571226108844,124.95883216321837,2.413949306979622,106.68788363333678,2.4600414913483593,86.54851082780787,2.5061336757170967
161.67519126572031,2.3249879479184177,143.56584047842463,2.370579130283147,125.75166535647686,2.4161703126478766,107.38856326447556,2.461761495012606,87.10613089748446,2.5073526773773356
162.53426091712112,2.3282109575946883,144.41988172057103,2.3733011379554094,126.55642166902754,2.418391318316131,108.09845922933239,2.4634814986768525,87.66991440258013,2.508571679037574
163.41051024225118,2.331433967270959,145.28864506453988,2.376023145627672,127.37336910913201,2.4206123239843857,108.81776178800634,2.465201502341099,88.23997099087764,2.5097906806978125
164.3043498238078,2.3346569769472296,146.17247920481836,2.378745153299935,128.20278372063885,2.42283332965264,109.54666638867926,2.4669215060053458,88.81641288172084,2.511009682358051
165.21620437184006,2.3378799866235003,147.0717441304133,2.3814671609721976,129.0449498876342,2.425054335320895,110.28537384651212,2.468641509669592,89.39935494212534,2.5122286840182895
166.14651332503428,2.341102996299771,147.98681158500014,2.3841891686444603,129.9001606530365,2.4272753409891497,111.034090529988,2.470361513333839,89.98891476560644,2.5134476856785284
167.09573148312012,2.3443260059760416,148.91806554974633,2.3869111763167226,130.76871805188958,2.429496346657404,111.79302855506182,2.4720815169980854,90.58521275383747,2.514666687338767
168.0643296722921,2.347549015652312,149.86590275012642,2.3896331839889853,131.65093346015078,2.4317173523256588,112.5624059875071,2.473801520662332,91.18837220126088,2.5158856889990053
169.052795445672,2.350772025328583,150.83073318812657,2.392355191661248,132.54712795981905,2.433938357993913,113.34244705386081,2.4755215243265787,91.79851938277295,2.517104690659244
170.06163382098242,2.3539950350048535,151.81298070134136,2.3950771993335103,133.45763272130807,2.436159363662168,114.13338236139845,2.477241527990825,92.41578364461648,2.5183236923194823
171.09136805775648,2.357218044681124,152.81308355055768,2.3977992070057734,134.38278940401716,2.4383803693304227,114.93544912759525,2.478961531655072,93.04029749861861,2.519542693979721
172.1425404765754,2.360441054357395,153.8314950375341,2.4005212146780357,135.32295057612313,2.440601374998677,115.74889141954924,2.4806815353193183,93.67219671991647,2.5207616956399597
173.21571332300786,2.3636640640336655,154.86868415480612,2.4032432223502984,136.27848015467646,2.4428223806669314,116.57396040388122,2.4824015389835647,94.31162044832608,2.521980697300198
174.3114696791209,2.3668870737099357,155.92513626946507,2.405965230022561,137.24975386715576,2.445043386335186,117.41091460764447,2.4841215426478116,94.95871129350944,2.5231996989604366
175.43041442564498,2.3701100833862063,157.0013538430069,2.4086872376948234,138.23715973571333,2.447264392003441,118.26002019081677,2.485841546312058,95.61361544410977,2.524418700620675
176.5731752581037,2.373333093062477,158.09785718948936,2.4114092453670866,139.24109858542425,2.4494853976716953,119.12155123098235,2.487561549976305,96.27648278103042,2.525637702280914
177.74040376047438,2.3765561027387476,159.21518527439287,2.414131253039349,140.2619845779388,2.45170640333995,119.99579002083732,2.4892815536405513,96.94746699504014,2.5268567039411525
178.93277654021026,2.3797791124150183,160.35389655676835,2.4168532607116116,141.30024577202988,2.4539274090082044,120.88302737920624,2.4910015573047977,97.62672570890301,2.528075705601391
180.15099642875447,2.383002122091289,161.51456987742083,2.4195752683838743,142.35632471263608,2.456148414676459,121.78356297628486,2.4927215609690445,98.314420604232,2.5292947072616294
181.3957937519951,2.3862251317675596,162.69780539610247,2.4222972760561365,143.43067905009826,2.458369420344714,122.69770567387611,2.494441564633291,99.0107175532851,2.530513708921868
182.66792767545974,2.38944814144383,163.9042255808952,2.4250192837283993,144.52378219141676,2.4605904260129683,123.62577388143492,2.4961615682975378,99.715786755928,2.531732710582107
183.96818762942692,2.392671151120101,165.1344762532044,2.427741291400662,145.63612398547613,2.462811431681223,124.56809592877958,2.497881571961784,100.42980288200089,2.5329517122423453
185.29739481954815,2.3958941607963715,166.38922769204854,2.4304632990729242,146.76821144432006,2.4650324373494774,125.52501045639399,2.4996015756260306,101.15294521934294,2.5341707139025837
186.65640382902333,2.399117170472642,167.6691758016067,2.4331853067451874,147.92056950271532,2.467253443017732,126.4968668242915,2.5013215792902774,101.88539782773397,2.5353897155628227
188.0461043188681,2.402340180148913,168.97504334628914,2.4359073144174497,149.09374181838996,2.469474448685987,127.48402554048091,2.503041582954524,102.62734969903288,2.5366087172230607
189.46742283334913,2.405563189825183,170.30758125793943,2.4386293220897124,150.28829161551633,2.4716954543542413,128.48685871014186,2.5047615866187707,103.37899492381094,2.5378277188832996
190.9213247182539,2.4087861995014537,171.66757002012162,2.441351329761975,151.5048025741885,2.473916460022496,129.50575050668198,2.506481590283017,104.14053286477706,2.539046720543538
192.4088161603047,2.4120092091777243,173.05582113485673,2.4440733374342374,152.74387976884344,2.4761374656907504,130.54109766593615,2.5082015939472635,104.9121683373356,2.5402657222037766
193.9309463567376,2.415232218853995,174.47317867759276,2.4467953451065005,154.00615065880555,2.478358471359005,131.59331000483903,2.5099215976115103,105.69411179760937,2.5414847238640155
195.48880982483928,2.4184552285302656,175.9205209466586,2.449517352778763,155.2922661343545,2.48057947702726,132.66281096600034,2.5116416012757568,106.48657953829455,2.542703725524254
197.08354886208798,2.4216782382065363,177.39876221398103,2.4522393604510255,156.60290162198976,2.4828004826955143,133.7500381897061,2.5133616049400036,107.28979389273412,2.5439227271844924
198.71635616847823,2.424901247882807,178.90885458437702,2.4549613681232882,157.938758252834,2.485021488363769,134.85544411496514,2.51508160860425,108.10398344760866,2.545141728844731
200.38847764364203,2.4281242575590776,180.45178997137313,2.4576833757955505,159.30056409842263,2.4872424940320235,135.97949661134444,2.5168016122684964,108.9293832646767,2.5463607305049694
202.10121537250728,2.431347267235348,182.02860219815503,2.4604053834678132,160.68907547846314,2.4894634997002782,137.12267964344198,2.5185216159327433,109.766235112016,2.5475797321652083
203.85593081448835,2.434570276911619,183.64036923299201,2.463127391140076,162.1050783454956,2.491684505368533,138.28549396998457,2.5202416195969897,110.6147877052417,2.5487987338254467
205.65404821257764,2.4377932865878895,185.28821556928997,2.4658493988123382,163.54938975178896,2.4939055110367874,139.4684578796763,2.5219616232612365,111.47529695921294,2.550017735485685
207.49705824023255,2.44101629626416,186.97331476130742,2.4685714064846014,165.02285940422533,2.496126516705042,140.67210796606508,2.523681626925483,112.34802625075638,2.5512367371459237
209.38652190563326,2.444239305940431,188.69689212753877,2.4712934141568637,166.5263713133899,2.4983475223732965,141.89699994387092,2.5254016305897293,113.23324669297959,2.552455738806162
211.32407473475251,2.4474623156167015,190.46022763485493,2.4740154218291264,168.0608455436009,2.5005685280415513,143.14370950938064,2.527121634253976,114.13123742177204,2.553674740466401
213.31143125674407,2.450685325292972,192.26465897764587,2.476737429501389,169.62724007115233,2.502789533709806,144.41283324771132,2.5288416379182226,115.04228589512984,2.5548937421266396
215.3503898174467,2.4539083349692428,194.11158486753527,2.4794594371736514,171.2265527586675,2.5050105393780604,145.70498958995447,2.5305616415824694,115.96668820598289,2.556112743786878
217.4428377493533,2.4571313446455134,196.00246855065612,2.4821814448459145,172.8598234541111,2.5072315450463147,147.020819823418,2.532281645246716,116.90474940923485,2.5573317454471165
219.59075692922065,2.460354354321784,197.9388415710621,2.484903452518177,174.52813622374137,2.5094525507145695,148.36098915844894,2.5340016489109622,117.85678386377874,2.558550747107355
221.79622975765946,2.4635773639980547,199.92230780062005,2.4876254601904395,176.2326217290816,2.5116735563828243,149.72618785555645,2.535721652575209,118.82311559029394,2.559769748767594
224.061445598559,2.4668003736743254,201.9545477576441,2.4903474678627022,177.97445975886754,2.513894562051079,151.1171324168567,2.5374416562394555,119.80407864567825,2.5609887504278324
226.38870772013567,2.470023383350596,204.03732323871313,2.4930694755349645,179.7548819278867,2.5161155677193334,152.5345668461636,2.5391616599037024,120.80001751503032,2.562207752088071
228.7804407837909,2.4732463930268667,206.1724822904878,2.495791483207227,181.57517455568822,2.5183365733875878,153.97926398237718,2.5408816635679488,121.81128752214146,2.5634267537483093
231.23919893188773,2.4764694027031373,208.36196455100242,2.49851349087949,183.4366817393042,2.5205575790558425,155.45202691120454,2.542601667232195,122.83825525953145,2.564645755408548
233.767674531081,2.479692412379408,210.6078069928731,2.501235498551752,185.34080863541266,2.5227785847240973,156.95369046062285,2.544321670896442,123.88129903912004,2.5658647570687867
236.36870763403803,2.4829154220556786,212.91215010415166,2.5039575062240154,187.2890249687903,2.524999590392352,158.48512278594524,2.5460416745606884,124.94080936469659,2.567083758729025
239.0452962293674,2.4861384317319493,215.2772445462273,2.5066795138962776,189.28286878546538,2.5272205960606065,160.04722705081792,2.5477616782249353,126.01718942743459,2.5683027603892636
241.80060735743595,2.48936144140822,217.70545833230761,2.5094015215685403,191.3239504707209,2.529441601728861,161.64094321098196,2.5494816818891817,127.11085562576486,2.5695217620495026
244.63798917863062,2.4925844510844906,220.19928457457405,2.512123529240803,193.41395705400757,2.5316626073971156,163.26724990821737,2.551201685553428,128.22223811101938,2.5707407637097406
247.56098409065032,2.495807460760761,222.76134985329045,2.5148455369130653,195.55465682496032,2.5338836130653704,164.92716648248083,2.552921689217675,129.35178136035594,2.5719597653699795
250.57334300277446,2.499030470437032,225.39442326690119,2.5175675445853285,197.74790428706729,2.5361046187336247,166.621755110939,2.5546416928819213,130.49994477855006,2.573178767030218
253.67904088793767,2.5022534801133025,228.1014262286481,2.5202895522575908,199.99564547816357,2.5383256244018795,168.35212308333573,2.556361696546168,131.66720333038836,2.5743977686904564
256.8822937480779,2.505476489789573,230.88544308256877,2.5230115599298535,202.2999236898307,2.540546630070134,170.11942522392968,2.5580817002104146,132.85404820547603,2.5756167703506954
260.18757714489635,2.508699499465844,233.7497326199361,2.525733567602116,204.66288562104847,2.5427676357383886,171.9248664711507,2.559801703874661,134.0609875174207,2.576835772010934
263.5996464671717,2.5119225091421145,236.6977405865414,2.5284555752743785,207.0867880050445,2.5449886414066434,173.7697046270771,2.561521707538908,135.28854703948855,2.5780547736711723
267.1235591274967,2.515145518818385,239.7331132817171,2.531177582946641,209.5740047523578,2.5472096470748977,175.65525328992666,2.5632417112031542,136.53727097896214,2.579273775331411
270.76469890618193,2.5183685284946558,242.85971236191645,2.533899590618904,212.12703465764145,2.549430652743152,177.5828849839372,2.564961714867401,137.80772279260515,2.5804927769916493
274.5288026886116,2.5215915381709264,246.08163097520287,2.5366215982911666,214.7485097228009,2.551651658411407,179.55403450230256,2.5666817185316475,139.10048604579802,2.581711778651888
278.4219898751634,2.5248145478471966,249.40321136836192,2.5393436059634293,217.44120415475393,2.5538726640796616,181.5702024802924,2.568401722195894,140.41616531809686,2.5829307803121266
282.4507947806334,2.5280375575234673,252.82906412587232,2.5420656136356916,220.2080441024808,2.5560936697479164,183.63295921724983,2.5701217258601408,141.7553871581754,2.584149781972365
286.62220238379393,2.531260567199738,256.364089219958,2.5447876213079543,223.0521182052123,2.5583146754161707,185.74394876793318,2.571841729524387,143.11880109131113,2.5853687836326036
290.9436878383197,2.5344835768760086,260.01349907378426,2.547509628980217,225.97668903170288,2.560535681084425,187.90489332561728,2.573561733188634,144.50708068282674,2.586587785292842
295.4232602150185,2.537706586552279,263.78284386606845,2.5502316366524793,228.9852054996623,2.56275668675268,190.11759792150278,2.5752817368528804,145.92092466114514,2.587806786953081
300.0695110136374,2.54092959622855,267.67803933542024,2.5529536443247425,232.08131637474742,2.5649776924209347,192.38395546740975,2.577001740517127,147.3610581043893,2.5890257886133194
304.89166806221385,2.5441526059048205,271.7053973773199,2.5556756519970047,235.26888496021078,2.5671986980891894,194.70595217135377,2.5787217441813737,148.82823369477128,2.590244790273558
309.8996555151697,2.547375615581091,275.87165976656985,2.5583976596692675,238.55200510154773,2.5694197037574438,197.08567335858285,2.58044174784562,150.32323304532008,2.5914637919337964
315.1041607707129,2.550598625257362,280.18403538411155,2.56111966734153,241.93501864556998,2.571640709425698,199.52530973394374,2.582161751509867,151.8468681038714,2.592682793594035
320.51670925675205,2.5538216349336325,284.65024138058953,2.5638416750137925,245.42253451046648,2.573861715093953,202.0271641250985,2.5838817551741133,153.3999826396163,2.593901795254274
326.14974818632163,2.557044644609903,289.2785487710591,2.5665636826860556,249.01944954299148,2.5760827207622077,204.59365875024562,2.5856017588383597,154.98345381792782,2.5951207969145123
332.01674056317614,2.5602676542861738,294.0778330274948,2.569285690358318,252.73097136127356,2.5783037264304625,207.22734305854866,2.5873217625026066,156.59819386964895,2.5963397985747507
338.13227093152955,2.563490663962444,299.057630320159,2.5720076980305806,256.56264340733486,2.580524732098717,209.93090219663497,2.589041766166853,158.2451518615089,2.597558800234989
344.5121646180714,2.5667136736387146,304.228200157575,2.5747297057028433,260.52037246279554,2.582745737766971,212.70716616028167,2.5907617698311,159.92531557489735,2.5987778018952277
351.1736225182201,2.5699366833149853,309.60059529086254,2.5774517133751056,264.61045891501243,2.584966743435226,215.55911969684848,2.5924817734953463,161.63971350080897,2.5999968035554666
358.13537384317885,2.573159692991256,315.1867398846424,2.5801737210473683,268.83963009984046,2.5871877491034807,218.48991303132823,2.5942017771595927,163.38941695942515,2.601215805215705
365.41784968343364,2.5763827026675266,320.99951711793295,2.582895728719631,273.2150770921811,2.5894087547717355,221.50287349703945,2.5959217808238395,165.17554235352094,2.6024348068759435
373.0433807753029,2.579605712343797,327.05286756944815,2.5856177363918933,277.74449536753707,2.59162976043999,224.6015181612511,2.597641784488086,166.99925356564842,2.6036538085361824
381.0364235017994,2.582828722020068,333.36189996866017,2.5883397440641565,282.4361298182474,2.593850766108244,227.78956754648166,2.5993617881523328,168.86176450991812,2.6048728101964205
389.42381894513346,2.5860517316963385,339.9430161646612,2.5910617517364187,287.2988246783759,2.596071771776499,231.0709605600089,2.601081791816579,170.76434185014995,2.6060918118566594
398.23509077100834,2.589274741372609,346.8140524888558,2.5937837594086814,292.3420789932742,2.5982927774447537,234.44987075758715,2.6028017954808256,172.70830789715671,2.607310813516898
407.50278890971197,2.59249775104888,353.99444007654273,2.596505767080944,297.5761083657995,2.600513783113008,237.93072408255574,2.6045217991450724,174.69504369912352,2.6085298151771363
417.2628874642882,2.5957207607251505,361.5053871817085,2.5992277747532064,303.0119138237178,2.602734788781263,241.51821823889895,2.606241802809319,176.72599234023673,2.6097488168373753
427.55524709751256,2.598943770401421,369.37008708729553,2.6019497824254696,308.66135878522635,2.604955794449517,245.21734387658975,2.6079618064735657,178.80266246413126,2.6109678184976137
438.424154425853,2.6021667800776918,377.6139559036528,2.604671790097732,314.53725525579944,2.607176800117772,249.033407790114,2.609681810137812,180.92663204024512,2.612186820157852
449.91895380998795,2.6053897897539624,386.2649053909568,2.6073937977699946,320.65346057442423,2.6093978057860268,252.9720583569907,2.6114018138020585,183.09955239283025,2.6134058218180907
462.09479054965976,2.608612799430233,395.35365697520024,2.6101158054422573,327.02498624691515,2.611618811454281,257.03931347272265,2.6131218174663053,185.32315251425248,2.614624823478329
475.0134890948403,2.6118358091065037,404.9141044016099,2.6128378131145196,333.66812066555633,2.6138398171225354,261.2415912727674,2.6148418211305517,187.59924368625823,2.615843825138568
488.7445957832194,2.6150588187827744,414.98373404729796,2.6155598207867823,340.6005678270727,2.61606082279079,265.58574397141734,2.6165618247947986,189.92972443516632,2.6170628267988065
503.366623222908,2.618281828459045,425.60411387955367,2.618281828459045,347.8416045361993,2.618281828459045,270.07909519284505,2.618281828459045,192.3165858494907,2.618281828459045
