y,x_lower_bound,x_upper_bound
19.4848,-0.0857409106542888,0.1566876287049631
19.464458342236373,-0.04224344506123545,0.1955002591090314
19.444116684472736,-1.1453747204015485e-06,0.23310087573411042
19.42377502670911,0.04101996002965935,0.26952437375325305
19.403433368945475,0.08085288409307212,0.30480460945925864
19.383091711181844,0.11952970991014511,0.3389744330472222
19.362750053418218,0.15708161863802927,0.37206572029527485
19.342408395654584,0.19353891650957278,0.40410940318281763
19.322066737890953,0.22893106098136223,0.4351354994842169
19.301725080127326,0.2632866860462453,0.4651731413744866
19.281383422363692,0.29663362673874066,0.4942506030819605
19.261041764600062,0.3289989428609331,0.5223953276218529
19.240700106836435,0.3604089419552119,0.5496339526431274
19.2203584490728,0.39088920154943285,0.5759923354199975
19.20001679130917,0.4204645906991207,0.6014955770182085
19.179675133545544,0.4491592908503451,0.6261680456650172
19.159333475781906,0.4769968160462359,0.650033399350871
19.13899181801828,0.5040000324990701,0.6731146076895628
19.118650160254653,0.5301911775493007,0.6954339730628434
19.098308502491015,0.5555918780319224,0.7170131510743032
19.07796684472739,0.5802231680700003,0.7378731703365882
19.057625186963755,0.60410550631443,0.7580344516150546
19.037283529200124,0.6272587926482732,0.7775168263500722
19.016941871436497,0.6497023843734822,0.7963395545795089
18.996600213672863,0.6714551118970544,0.8145213422819544
18.976258555909233,0.6925352939331723,0.8320803581606645
18.955916898145606,0.7129607522372764,0.8490342498873762
18.935575240381972,0.7327488258873915,0.8654001598244476
18.91523358261834,0.7519163851276154,0.881194740243191
18.894891924854715,0.7704798447880279,0.8964341680555032
18.87455026709108,0.7884551772948682,0.9111341590753652
18.85420860932745,0.8058579252843576,0.9253099818261689
18.833866951563824,0.822703213832966,0.9389764709092103
18.81352529380019,0.8390057623166516,0.9521480399482036
18.79318363603656,0.8547798959110029,0.9648386941240891
18.772841978272933,0.8700395567439179,0.9770620423139035
18.752500320509295,0.8847983147120175,0.9888313088470371
18.732158662745668,0.8990693779715602,1.0001593448916397
18.711817004982034,0.9128656031143701,1.0110586394835823
18.691475347218404,0.9261995050387821,1.0215413302098657
18.671133689454773,0.9390832665254241,1.0316192135579914
18.650792031691143,0.9515287475271863,1.0413037549423716
18.63045037392751,0.9635474941824997,1.0506060984184944
18.610108716163882,0.9751507475606993,1.059537076095172
18.589767058400252,0.9863494521479681,1.0681072172548234
18.569425400636618,0.9971542640820366,1.0763267571914157
18.54908374287299,1.0075755591436057,1.0842056457753468
18.52874208510936,1.0176234405121076,1.091753555754208
18.508400427345727,1.0273077462932496,1.0989798907981032
18.4880587695821,1.0366380568254523,1.105893793297828
18.46771711181847,1.0456237017721448,1.1125041519240058
18.447375454054836,1.0542737670065736,1.1188196089549263
18.42703379629121,1.06259710129559,1.1248485673806021
18.40669213852757,1.0706023227886974,1.1305991977903254
18.386350480763944,1.0782978253183577,1.13607944505066
18.366008823000318,1.0856917845174345,1.1412970347807065
18.34566716523668,1.0927921637594302,1.1462594796311116
18.325325507473053,1.0996067199269337,1.1509740853731594
18.304983849709423,1.1061430090136408,1.1554479568040228
18.28464219194579,1.1124083915649845,1.1596880034740744
18.264300534182162,1.1184100379623976,1.1637009452419234
18.24395887641853,1.1241549335559151,1.1674933176626905
18.223617218654898,1.1296498836498232,1.1710714772148119
18.20327556089127,1.134901518345773,1.1744416063705148
18.18293390312764,1.139916297247728,1.1776097185149013
18.162592245364007,1.144700514032933,1.1805816627184615
18.14225058760038,1.1492603008929667,1.1833631283676032
18.12190892983675,1.1536016328487817,1.18595964965771
18.101567272073115,1.1577303319435779,1.1883766099530266
18.08122561430949,1.161652071317149,1.1906192460175609
18.060883956545858,1.1653723791652912,1.1926926521210506
18.040542298782224,1.1688966425877156,1.194601784023888
18.020200641018597,1.1722301113277762,1.1963514628447958
17.99985898325496,1.1753779014073096,1.1979463788148887
17.979517325491333,1.1783449986596501,1.1993910949216657
17.959175667727703,1.1811362621638757,1.2006900504463593
17.93883400996407,1.1837564275832455,1.20184756439791
17.918492352200442,1.1862101104106237,1.2028678388468075
17.89815069443681,1.188501809123682,1.2037549621618466
17.877809036673177,1.1906359082525215,1.2045129121528149
17.85746737890955,1.1926166813623078,1.2051455591220055
17.83712572114592,1.1944482939534296,1.2056566688273231
17.816784063382286,1.1961348062815724,1.206049905359734
17.79644240561866,1.1976801761001026,1.206328833937637
17.77610074785503,1.199088261326986,1.2064969236207284
17.755759090091395,1.2003628226384853,1.2065575499457777
17.73541743232777,1.201507525991743,1.2065139974867203
17.715075774564138,1.2025259450783465,1.206369462341339
17.694734116800504,1.203421563710855,1.2061270545467722
17.674392459036877,1.2041977781442412,1.2057898004260021
17.65405080127324,1.2048578993341468,1.2053606448673937
17.633709143509613,1.2054051551337435,1.2048424535393187
17.61336748574598,1.205842692431014,1.204238015041789
17.59302582798235,1.206173579228124,1.2035500429970387
17.57268417021872,1.20640080666458,1.2027811780808264
17.552342512455088,1.2065272909857723,1.2019339899962773
17.532000854691457,1.2065558754584669,1.2010109793919508
17.51165919692783,1.2064893322347716,1.2000145797258277
17.491317539164196,1.206330364166028,1.1989471590767815
17.470975881400566,1.2060816065680688,1.1978110219051323
17.45063422363694,1.2057456289392328,1.1966084107637913
17.430292565873305,1.205324936632444,1.1953415079614236
17.409950908109675,1.2048219724826978,1.1940124371790815
17.389609250346048,1.2042391183911747,1.1926232650416788
17.369267592582414,1.2035786968672417,1.1911760026456109
17.348925934818784,1.2028429725294996,1.1896726070438357
17.328584277055157,1.2020341535670456,1.188114982689643
17.30824261929152,1.2011543931620596,1.186504982840356
17.287900961527892,1.2002057908747994,1.1848444109220764
17.267559303764266,1.1991903939920565,1.1831350218566892
17.247217646000628,1.1981101988401002,1.1813785233521519
17.226875988237,1.1969671520630842,1.1795765771571856
17.206534330473367,1.1957631518678902,1.177730800281392
17.186192672709737,1.1945000492363407,1.175842766181776
17.16585101494611,1.1931796491056752,1.1739140059166746
17.145509357182476,1.1918037115181783,1.171946009268023
17.125167699418846,1.1903739527408113,1.169940225832876
17.10482604165522,1.1888920463556694,1.167898066085042
17.084484383891585,1.1873596243220752,1.165820902407753
17.064142726127955,1.1857782780110804,1.1637100700981209
17.043801068364328,1.1841495592131461,1.1615668683442606
17.023459410600694,1.182474981119717,1.1593925611758138
17.003117752837063,1.1807560192794226,1.1571883783886556
16.982776095073437,1.1789941125295944,1.154955516444525
16.962434437309803,1.1771906639037553,1.1526951393462643
16.942092779546172,1.175347041515767,1.1504083794894033
16.921751121782545,1.1734645794212322,1.1480963384907183
16.901409464018908,1.171544578456809,1.1457600879944505
16.88106780625528,1.169588307057995,1.1434006704567985
16.860726148491647,1.1675970020559965,1.1410190999092933
16.840384490728017,1.1655718694542307,1.1386163627016814
16.82004283296439,1.1635140851850152,1.1361934182248539
16.799701175200756,1.16142479584697,1.1337511996144107
16.779359517437126,1.1593051194236672,1.131290614435395
16.7590178596735,1.1571561459840098,1.1288125453487186
16.738676201909865,1.1549789383648519,1.1263178507598033
16.718334544146234,1.1527745328363115,1.1238073654499292
16.697992886382607,1.1505439397502604,1.1212819011907649
16.677651228618974,1.148288144172421,1.1187422473425643
16.657309570855343,1.1460081064985186,1.116189171436469
16.636967913091713,1.1437047630549078,1.113623419741371
16.616626255328082,1.141379026684083,1.1110457178157473
16.59628459756445,1.1390317873154854,1.1084567710449034
16.57594293980082,1.1366639125219722,1.105857265164008
16.555601282037184,1.134276248062347,1.103247866767329
16.535259624273557,1.1318696184103192,1.1006292238040385
16.514917966509927,1.129444827270227,1.0980019660609623
16.494576308746293,1.1270026580799075,1.0953667056326364
16.474234650982666,1.1245438745010081,1.0927240373790021
16.453892993219036,1.12206922089711,1.0900745393711073
16.4335513354554,1.1195794227999598,1.087418773325111
16.413209677691775,1.1170751873641167,1.0847572850249345
16.392868019928144,1.1145572038103304,1.082090604733851
16.37252636216451,1.11202614385794,1.0794192475953341
16.352184704400884,1.1094826621465725,1.076743714023438
16.331843046637253,1.1069273966474242,1.0740644900830063
16.311501388873623,1.1043609690643947,1.0713820478599805
16.291159731109996,1.1017839852253348,1.0686968458220838
16.270818073346362,1.0991970354636675,1.0660093291701216
16.25047641558273,1.0966006949906215,1.0633199301801772
16.230134757819105,1.0939955242583341,1.060629068536933
16.20979310005547,1.091382069314042,1.0579371516583556
16.18945144229184,1.0887608621455969,1.055244575011983
16.169109784528207,1.0861324210185352,1.0525517224230392
16.148768126764576,1.0834972508049079,1.0498589663745963
16.128426469000946,1.080855843304076,1.047166668299983
16.108084811237315,1.0782086775557036,1.0444751788676716
16.08774315347368,1.0755562201451117,1.0417848382588284
16.067401495710055,1.07289892550122,1.0390959764377194
16.047059837946424,1.0702372361872374,1.0364089134151748
16.02671818018279,1.0675715831843129,1.0337239595052945
16.006376522419163,1.0649023861682934,1.0310414155755594
15.986034864655533,1.0622300537798026,1.0283615732905458
15.9656932068919,1.0595549838877654,1.0256847153493929
15.945351549128274,1.0568775638465882,1.0230111157172055
15.925009891364642,1.054198170747111,1.0203410398505377
15.90466823360101,1.0515171716615308,1.017674744917123
15.884326575837383,1.0488349238824133,1.015012480009998
15.86398491807375,1.0461517751559612,1.0123544863561729
15.843643260310118,1.0434680639096765,1.0097009975199853
15.823301602546492,1.04078411947456,1.007052239601279
15.802959944782854,1.0381002623019804,1.004408431428552
15.782618287019227,1.0354168041753495,1.0017697847471871
15.762276629255595,1.0327340484167338,0.9991365044029168
15.741934971491963,1.030052290088526,0.9965087885206273
15.721593313728336,1.0273718161903012,0.993886828678634
15.701251655964704,1.0246929058509757,0.9912708100785446
15.680909998201072,1.0220158305163873,0.9886609117108243
15.660568340437445,1.0193408541324094,0.9860573065161731
15.640226682673813,1.0166682333237096,0.9834601615428249
15.61988502491018,1.0139982175682618,0.9808696380998823
15.599543367146554,1.0113310493677092,0.9782858919067705
15.579201709382922,1.0086669644136954,0.9757090732389334
15.55886005161929,1.0060061917502492,0.9731393270698527
15.538518393855663,1.003348953932322,0.9705767932094944
15.51817673609203,1.0006954671805846,0.9680216064392676
15.497835078328398,0.9980459415325557,0.965473896643594
15.477493420564771,0.9954005809901704,0.9629337889381656
15.457151762801134,0.9927595836638614,0.9604014037949842
15.436810105037507,0.9901231419132506,0.9578768571642609
15.416468447273875,0.9874914424845186,0.9553602605932574
15.396126789510243,0.9848646666445556,0.9528517213421467
15.375785131746616,0.9822429903119451,0.9503513424969716
15.355443473982984,0.97962658418488,0.9478592230797701
15.335101816219352,0.977015613866071,0.945375458155951
15.314760158455725,0.9744102399847303,0.9429001389389744
15.294418500692093,0.9718106183156945,0.940433352892416
15.27407684292846,0.9692168998957595,0.9379751838294885
15.253735185164834,0.9666292311372935,0.9355257120100613
15.233393527401201,0.9640477539391941,0.9330850142352696
15.21305186963757,0.9614726057952525,0.930653163939754
15.192710211873942,0.9589039198999934,0.9282302312816035
15.17236855411031,0.956341825252038,0.9258162832300494
15.152026896346678,0.953786446755067,0.9234113836509734
15.131685238583051,0.9512379053164239,0.9210155933902908
15.111343580819417,0.9486963179434307,0.9186289703552468
15.091001923055785,0.9461617978374581,0.9162515695936904
15.070660265292158,0.9436344544858148,0.9138834433713776
15.05031860752852,0.9411143937514952,0.9115246412473446
15.029976949764894,0.9386017179608541,0.9091752101474115
15.009635292001262,0.9360965259892368,0.9068351944358475
14.98929363423763,0.9335989133446336,0.9045046359852638
14.968951976474003,0.9311089722493914,0.9021835742447603
14.94861031871037,0.9286267917200366,0.8998720463063798
14.928268660946738,0.9261524576452462,0.8975700869699133
14.907927003183111,0.9236860528620234,0.8952777288060898
14.88758534541948,0.9212276572301076,0.892995002218197
14.867243687655847,0.9187773477046651,0.890721935502172
14.84690202989222,0.9163351984073078,0.8884585549051949
14.826560372128588,0.9139012806954662,0.8862048846828346
14.806218714364956,0.9114756632301696,0.8839609471547645
14.78587705660133,0.9090584120422599,0.8817267627591008
14.765535398837697,0.9066495905970806,0.8795023501053901
14.745193741074065,0.904249259857679,0.8772877260262768
14.724852083310438,0.9018574783465508,0.8750829056278963
14.7045104255468,0.899474302205969,0.8728879023389993
14.684168767783174,0.897099785256922,0.8707027279588762
14.663827110019541,0.8947339790566986,0.8685273927040753
14.64348545225591,0.8923769329551499,0.8663619052539662
14.623143794492282,0.8900286941496631,0.8642062727951711
14.60280213672865,0.8876893077388657,0.862060501064889
14.582460478965018,0.8853588167751105,0.8599245943931465
14.562118821201391,0.8830372623157429,0.857798555743996
14.541777163437759,0.8807246834732007,0.8556823867556882
14.521435505674127,0.878421117463969,0.8535760877798477
14.5010938479105,0.8761265996564052,0.8514796579196755
14.480752190146868,0.8738411636174772,0.8493930950671915
14.460410532383236,0.871564841158424,0.8473163959395658
14.440068874619609,0.8692976623793798,0.8452495561145273
14.419727216855977,0.8670396557129688,0.8431925700649048
14.399385559092345,0.8647908479669109,0.8411454311922997
14.379043901328718,0.8625512643656472,0.839108131859921
14.358702243565086,0.8603209285910166,0.8370806634246011
14.338360585801453,0.8580998628220052,0.8350630162680138
14.318018928037821,0.8558880877735802,0.8330551798271135
14.297677270274189,0.853685622734647,0.8310571426238101
14.277335612510562,0.8514924856051292,0.8290688922939077
14.25699395474693,0.8493086929322112,0.827090415615316
14.236652296983298,0.8471342599457448,0.825121698535559
14.216310639219671,0.8449692005928555,0.823162726198589
14.195968981456039,0.8428135275717534,0.8212134829709399
14.175627323692407,0.8406672523647745,0.8192739524672132
14.15528566592878,0.8385303852706684,0.81734411757493
14.134944008165148,0.8364029354361505,0.815423960478763
14.114602350401515,0.834284910886729,0.8135134626841518
14.094260692637887,0.8321763185568383,0.8116126050403307
14.073919034874255,0.8300771643192757,0.8097213677627738
14.053577377110622,0.8279874530139706,0.8078397304550773
14.033235719346996,0.825907188476098,0.8059676721302893
14.012894061583363,0.8238363735635519,0.8041051712316984
13.992552403819731,0.8217750101837864,0.8022522056531037
13.972210746056104,0.8197230993200544,0.8004087527585693
13.951869088292467,0.8176806410570329,0.7985747894016738
13.93152743052884,0.8156476346058839,0.7967502919442837
13.911185772765208,0.8136240783287233,0.7949352362748394
13.890844115001576,0.8116099697625456,0.7931295978261854
13.870502457237949,0.8096053056425957,0.7913333515929403
13.850160799474317,0.8076100819252108,0.7895464721484322
13.829819141710685,0.8056242938101402,0.7877689336611962
13.809477483947058,0.8036479357623519,0.7860007099110554
13.789135826183426,0.8016810015333488,0.7842417743047883
13.768794168419793,0.79972348418199,0.7824920998913993
13.748452510656167,0.797775376094843,0.780751659376993
13.728110852892534,0.7958366690060703,0.7790204251392712
13.707769195128902,0.7939073540168521,0.7772983692416556
13.687427537365275,0.7919874216143841,0.775585463447048
13.667085879601643,0.7900768616904172,0.7738816792312347
13.646744221838011,0.7881756635593979,0.7721869877959485
13.626402564074384,0.7862838159761723,0.7705013600815881
13.606060906310747,0.7844013071532974,0.7688247667796106
13.58571924854712,0.7825281247779551,0.7671571783446058
13.565377590783488,0.7806642560284746,0.7654985650060502
13.545035933019856,0.7788096875904771,0.7638488967797598
13.524694275256229,0.7769644056726572,0.7622081434790449
13.504352617492597,0.7751283960221897,0.7605762747255682
13.484010959728964,0.7733016439397978,0.7589532599599251
13.463669301965338,0.7714841342944665,0.7573390684519412
13.443327644201705,0.7696758515378163,0.7557336693107026
13.422985986438073,0.7678767797181567,0.7541370314943203
13.402644328674446,0.7660869024942054,0.7525491238194375
13.382302670910814,0.7643062031485014,0.7509699149704853
13.361961013147182,0.7625346646005059,0.7493993735086903
13.341619355383555,0.7607722694193959,0.7478374678808499
13.321277697619923,0.7590189998365777,0.7462841664278651
13.30093603985629,0.757274837757896,0.7447394373930497
13.280594382092664,0.7555397647755709,0.7432032489302199
13.260252724329032,0.7538137621798596,0.7416755691115599
13.2399110665654,0.7520968109704438,0.7401563659352799
13.219569408801767,0.7503888918675593,0.7386456073330693
13.199227751038135,0.7486899853228646,0.7371432611773422
13.178886093274508,0.7470000715300604,0.7356492952882923
13.158544435510876,0.7453191304352614,0.7341636774407526
13.138202777747244,0.7436471417471315,0.7326863753708677
13.117861119983617,0.7419840849467799,0.7312173567825843
13.097519462219985,0.7403299392974273,0.729756589353963
13.077177804456353,0.7386846838538553,0.7283040407433164
13.056836146692724,0.7370482974716251,0.7268596785951782
13.036494488929092,0.7354207588160908,0.7254234705461032
13.01615283116546,0.7338020463711976,0.7239953842303107
12.995811173401833,0.732192138448081,0.7225753872851687
12.975469515638201,0.7305910131934555,0.7211634473565204
12.955127857874569,0.7289986485978188,0.719759532103865
12.934786200110942,0.7274150225034584,0.7183636092053942
12.91444454234731,0.7258401126122709,0.7169756463628791
12.894102884583678,0.7242738964933998,0.7155956113064221
12.873761226820045,0.722716351590694,0.7142234717990756
12.853419569056413,0.7211674552299948,0.7128591956413204
12.833077911292786,0.7196271846262441,0.7115027506754238
12.812736253529154,0.7180955168904328,0.7101541047896645
12.792394595765522,0.7165724290363845,0.7088132259224404
12.772052938001895,0.7150578979873765,0.7074800820662498
12.751711280238263,0.7135519005826066,0.7061546412715638
12.73136962247463,0.7120544135835118,0.7048368716505764
12.711027964711004,0.7105654136799283,0.7035267413808505
12.690686306947372,0.7090848774961152,0.7022242187088491
12.67034464918374,0.707612781596631,0.7009292719533669
12.650002991420113,0.7061491024920707,0.6996418695088549
12.62966133365648,0.7046938166446692,0.6983619798486418
12.609319675892849,0.7032469004737714,0.6970895715280658
12.588978018129222,0.7018083303611689,0.695824613187504
12.56863636036559,0.7003780826563152,0.6945670735553069
12.548294702601957,0.6989561336814122,0.6933169214506512
12.527953044838325,0.6975424597363777,0.6920741257862925
12.507611387074698,0.6961370371036939,0.6908386555712422
12.487269729311066,0.6947398420531403,0.6896104799133509
12.466928071547434,0.6933508508464116,0.6883895680218173
12.446586413783802,0.6919700397416289,0.6871758892096117
12.426244756020175,0.6905973849977366,0.6859694128958247
12.405903098256543,0.6892328628788011,0.6847701086079391
12.38556144049291,0.6878764496582008,0.6835779459840258
12.365219782729284,0.6865281216227175,0.6823928947748705
12.344878124965652,0.6851878550765279,0.6812149248460287
12.32453646720202,0.6838556263450996,0.6800440061798118
12.304194809438393,0.6825314117789955,0.6788801088772065
12.28385315167476,0.6812151877575815,0.6777232031597297
12.263511493911128,0.6799069306926465,0.6765732593712186
12.243169836147501,0.6786066170319361,0.6754302479795631
12.22282817838387,0.6773142232626009,0.6742941395783705
12.202486520620237,0.6760297259145561,0.6731649048885806
12.18214486285661,0.6747531015637674,0.6720425147600168
12.161803205092978,0.6734843268354483,0.6709269401728842
12.141461547329346,0.6722233784071865,0.669818152239214
12.121119889565714,0.6709702330119911,0.6687161222042559
12.100778231802082,0.6697248674412649,0.6676208214478162
12.080436574038455,0.6684872585477062,0.6665322214855478
12.060094916274823,0.6672573832481339,0.6654502939701938
12.03975325851119,0.6660352185262562,0.6643750106927783
12.019411600747562,0.6648207414353543,0.6633063435837576
11.99906994298393,0.6636139291009147,0.6622442647141216
11.978728285220297,0.6624147587231891,0.6611887462964535
11.95838662745667,0.6612232075796947,0.6601397606859483
11.938044969693038,0.6600392530276502,0.6590972803813864
11.917703311929406,0.658862872506356,0.658061278026072
11.89736165416578,0.6576940435395127,0.6570317264087284
11.877019996402147,0.6565327437374819,0.6560085984643566
11.856678338638515,0.6553789507994952,0.6549918672750579
11.836336680874888,0.6542326425158025,0.6539815060708208
11.815995023111256,0.6530937967697779,0.6529774882302697
11.795653365347624,0.651962391539958,0.6519797872813847
11.775311707583992,0.6508384049020468,0.6509883769021841
11.754970049820365,0.6497218150308588,0.6500032309213786
11.734628392056733,0.6486126002022198,0.6490243233189891
11.7142867342931,0.6475107387948187,0.6480516282269432
11.693945076529468,0.6464162092920176,0.6470851199296316
11.673603418765842,0.6453289902836095,0.6461247728644453
11.65326176100221,0.644249060467542,0.6451705616222781
11.632920103238577,0.6431763986515902,0.644222460948009
11.61257844547495,0.6421109837549955,0.6432804457409517
11.592236787711318,0.6410527948100584,0.6423444910552838
11.571895129947686,0.6400018109636963,0.6414145721004508
11.55155347218406,0.6389580114789616,0.6404906642415437
11.531211814420427,0.6379213757365194,0.6395727429996565
11.510870156656795,0.636891883236096,0.638660784052221
11.490528498893168,0.6358695135978867,0.6377547632333184
11.470186841129536,0.6348542465639312,0.6368546565339692
11.449845183365904,0.6338460619994534,0.6359604401024099
11.429503525602271,0.6328449398941721,0.6350720902443385
11.409161867838645,0.6318508603635802,0.6341895834231521
11.388820210075012,0.6308638036501851,0.6333128962601589
11.36847855231138,0.6298837501247341,0.6324420055347758
11.348136894547748,0.628910680287394,0.6315768881847081
11.327795236784121,0.6279445747689151,0.6307175213061125
11.307453579020489,0.6269854143317596,0.6298638821537427
11.287111921256857,0.6260331798712109,0.6290159481410839
11.26677026349323,0.6250878524164475,0.6281736968404674
11.246428605729598,0.6241494131315993,0.6273371059831737
11.226086947965966,0.623217843316777,0.6265061534595198
11.205745290202339,0.6222931244090759,0.6256808173189368
11.185403632438707,0.6213752379835575,0.6248610757700287
11.165061974675075,0.6204641657542137,0.6240469071806256
11.144720316911448,0.6195598895748987,0.6232382900778212
11.124378659147816,0.6186623914402495,0.6224352031479968
11.104037001384183,0.6177716534865827,0.621637625236839
11.083695343620557,0.616887657992769,0.6208455353493458
11.063353685856924,0.6160103873810916,0.6200589126498195
11.043012028093292,0.615139824218087,0.619277736461852
11.02267037032966,0.6142759512153616,0.6185019862683028
11.002328712566028,0.613418751230401,0.6177316417112649
10.9819870548024,0.612568207267352,0.6169666825920231
10.961645397038767,0.6117243024777962,0.6162070888710054
10.941303739275138,0.6108870201615026,0.6154528406677272
10.920962081511508,0.6100563437671704,0.6147039182607231
10.900620423747876,0.6092322568931516,0.6139603020874814
10.880278765984244,0.6084147432881648,0.6132219727443607
10.859937108220617,0.607603786851989,0.6124889109865097
10.839595450456985,0.6067993716361537,0.6117610977277746
10.819253792693353,0.6060014818446074,0.6110385140406059
10.798912134929724,0.605210101834377,0.6103211411559567
10.778570477166094,0.6044252161162212,0.6096089604631758
10.758228819402461,0.6036468093552634,0.6089019535098987
10.737887161638833,0.6028748663716218,0.6082001020019349
10.717545503875202,0.6021093721410238,0.6075033878031454
10.69720384611157,0.601350311795416,0.6068117929353225
10.676862188347938,0.600597670623561,0.6061252995780664
10.656520530584311,0.599851434071627,0.6054438900686526
10.636178872820679,0.5991115877437663,0.6047675469019034
10.615837215057047,0.5983781174026924,0.6040962527300515
10.595495557293418,0.5976510089702439,0.6034299903626063
10.575153899529788,0.596930248527942,0.6027687427662133
10.554812241766156,0.5962158223175412,0.602112493064515
10.534470584002527,0.5955077167415792,0.6014612245380094
10.514128926238897,0.5948059183639112,0.6008149206239072
10.493787268475264,0.5941104139102469,0.6001735649159867
10.473445610711632,0.5934211902686775,0.5995371411644509
10.453103952948002,0.5927382344902027,0.5989056332757813
10.432762295184373,0.5920615337892466,0.5982790253125916
10.412420637420741,0.5913910755441755,0.5976573014934842
10.39207897965711,0.5907268472978098,0.5970404461929042
10.371737321893482,0.5900688367579321,0.596428443940992
10.35139566412985,0.5894170317977914,0.5958212794234424
10.331054006366218,0.58877142045661,0.5952189374813581
10.310712348602591,0.5881319909400808,0.5946214031111079
10.290370690838959,0.5874987316208662,0.5940286614641865
10.270029033075327,0.5868716310390962,0.5934406978470721
10.249687375311696,0.5862506779028649,0.5928574977210899
10.229345717548068,0.5856358610887237,0.592279046702274
10.209004059784435,0.5850271696421762,0.5917053305612335
10.188662402020805,0.5844245927781729,0.5911363352230206
10.168320744257176,0.5838281198816027,0.5905720467669985
10.147979086493544,0.5832377405077896,0.590012451426716
10.127637428729912,0.5826534443829855,0.5894575355897813
10.107295770966285,0.5820752214048672,0.5889072857977402
10.086954113202653,0.581503061643031,0.5883616887459582
10.06661245543902,0.5809369553394934,0.5878207312835038
10.04627079767539,0.5803768929091899,0.5872844004130364
10.025929139911762,0.579822864940476,0.5867526832906993
10.00558748214813,0.5792748621956338,0.5862255672260128
9.9852458243845,0.5787328756113775,0.5857030396817747
9.964904166620869,0.5781968962993641,0.5851850882739635
9.944562508857237,0.5776669155467055,0.5846717007716448
9.924220851093605,0.5771429248164861,0.5841628650968849
9.903879193329976,0.5766249157482829,0.5836585693246668
9.883537535566346,0.5761128801586902,0.5831588016828101
9.863195877802713,0.5756068100418475,0.5826635505518997
9.842854220039085,0.5751066975699738,0.582172804465214
9.822512562275454,0.5746125350939051,0.5816865521086643
9.802170904511822,0.5741243151436373,0.5812047823207344
9.781829246748194,0.5736420304288758,0.5807274840924288
9.761487588984563,0.5731656738395885,0.5802546465672258
9.741145931220931,0.5726952384465678,0.5797862590410349
9.720804273457299,0.5722307175019938,0.5793223109621627
9.70046261569367,0.5717721044400114,0.5788627919312842
9.68012095793004,0.5713193928773054,0.5784076917014176
9.659779300166408,0.57087257661369,0.5779570001779093
9.639437642402779,0.5704316496327007,0.5775107074184236
9.619095984639149,0.5699966061021948,0.5770688036329381
9.598754326875516,0.5695674403749623,0.5766312791837489
9.578412669111884,0.5691441469893422,0.576198124585479
9.558071011348257,0.5687267206698456,0.575769330505097
9.537729353584625,0.5683151563277912,0.5753448877619407
9.517387695820993,0.5679094490619448,0.5749247873277494
9.497046038057364,0.5675095941591761,0.5745090203267034
9.476704380293734,0.5671155870951121,0.5740975780354715
9.456362722530102,0.5667274235348125,0.5736904518832647
9.436021064766472,0.5663450993334472,0.5732876334519008
9.415679407002843,0.5659686105369868,0.5728891144758731
9.39533774923921,0.5655979533829025,0.5724948868424311
9.374996091475579,0.5652331243008756,0.5721049425916676
9.354654433711948,0.5648741199135221,0.5717192739166129
9.33431277594832,0.5645209370371226,0.5713378731633435
9.313971118184687,0.564173572682367,0.5709607328310894
9.293629460421057,0.5638320240551099,0.5705878455723618
9.273287802657428,0.563496288557138,0.5702192041930816
9.252946144893796,0.5631663637869496,0.5698548016527187
9.232604487130166,0.5628422475405478,0.5694946310644459
9.212262829366537,0.562523937812242,0.569138685695293
9.191921171602905,0.5622114327954677,0.5687869589663196
9.171579513839273,0.5619047308836161,0.5684394444527905
9.151237856075642,0.561603830670879,0.5680961358843682
9.130896198312014,0.5613087309531062,0.5677570271453067
9.110554540548382,0.5610194307286763,0.5674221122746634
9.090212882784751,0.5607359291993846,0.5670913854665176
9.069871225021123,0.5604582257713421,0.5667648410701992
9.04952956725749,0.5601863200558912,0.5664424735905295
9.029187909493858,0.5599202118705371,0.5661242776880722
9.008846251730231,0.5596599012398935,0.5658102481793947
8.9885045939666,0.5594053883966431,0.5655003800373422
8.968162936202967,0.5591566737825168,0.5651946683913204
8.947821278439337,0.558913758049287,0.5648931085275923
8.927479620675706,0.558676642059776,0.5645956958895858
8.907137962912074,0.5584453268888869,0.5643024260782111
8.886796305148446,0.5582198138246457,0.5640132948521921
8.866454647384815,0.5580001043692627,0.5637282981284105
8.846112989621183,0.5577862002402144,0.5634474319822592
8.82577133185755,0.5575781033713373,0.5631706926480102
8.805429674093922,0.5573758159139492,0.5628980765191948
8.785088016330292,0.5571793402379787,0.5626295801489964
8.76474635856666,0.556988678933123,0.5623652002506552
8.744404700803031,0.5568038348100172,0.5621049336978876
8.7240630430394,0.5566248109014307,0.5618487775253179
8.703721385275768,0.5564516104634777,0.561596728928923
8.68337972751214,0.5562842369768503,0.5613487852664918
8.66303806974851,0.5561226941480719,0.5611049440580974
8.642696411984877,0.5559669859107733,0.5608652029865835
8.622354754221245,0.5558171164269873,0.5606295598980652
8.602013096457616,0.555673090088467,0.5603980128024442
8.581671438693986,0.5555349115180251,0.5601705598739373
8.561329780930354,0.5554025855708963,0.5599471994516225
8.540988123166725,0.5552761173361213,0.5597279300399959
8.520646465403095,0.555155512137956,0.5595127503095466
8.500304807639463,0.555040775537302,0.5593016590973472
8.47996314987583,0.5549319133331632,0.5590946554076575
8.459621492112204,0.5548289315641238,0.5588917384125459
8.439279834348572,0.554731836509853,0.5586929074525259
8.41893817658494,0.5546406346926362,0.5584981620372088
8.398596518821309,0.5545553328789266,0.5583075018459734
8.37825486105768,0.5544759380809282,0.5581209267286511
8.357913203294048,0.5544024575582028,0.5579384367062293
8.337571545530418,0.5543348988193018,0.5577600319715689
8.31722988776679,0.5542732696234292,0.5575857128901451
8.296888230003157,0.5542175779821262,0.5574154800007979
8.276546572239525,0.5541678321609936,0.5572493340165069
8.256204914475894,0.5541240406814292,0.55708727582518
8.235863256712266,0.5540862123224077,0.5569293064904626
8.215521598948634,0.5540543561222796,0.5567754272525648
8.195179941185003,0.5540284813806049,0.5566256395291062
8.174838283421373,0.5540085976600184,0.5564799449159804
8.15449662565774,0.5539947147881182,0.5563383451882412
8.134154967894112,0.5539868428593985,0.5562008423010032
8.113813310130482,0.5539849922371974,0.5560674383903678
8.09347165236685,0.5539891735556942,0.5559381357743639
8.073129994603217,0.5539993977219247,0.5558129369539154
8.052788336839589,0.5540156759178417,0.5556918446138226
8.032446679075958,0.5540380196023995,0.5555748616237687
8.012105021312326,0.5540664405136797,0.555461991039347
7.9917633635486975,0.5541009506710495,0.5553532361031098
7.971421705785068,0.5541415623773529,0.5552486002456375
7.951080048021436,0.5541882882211447,0.5551480870866313
7.930738390257804,0.5542411410789524,0.5550517004360291
7.910396732494177,0.5543001341175832,0.5549594442951428
7.890055074730545,0.554365280796464,0.554871322857819
7.8697134169669125,0.5544365948700196,0.5547873405116247
7.849371759203283,0.5545140903900955,0.5547075018390543
7.8290301014396535,0.5545977817084133,0.5546318116187641
7.808688443676021,0.55468768347907,0.5545602748268278
7.788346785912392,0.5547838106610783,0.5544928966380198
7.768005128148762,0.5548861785209493,0.554429682427123
7.74766347038513,0.5549948026353145,0.5543706377702613
7.727321812621498,0.5551096988935914,0.5543157684462597
7.7069801548578685,0.5552308835006987,0.554265080438029
7.686638497094238,0.5553583729798063,0.55421857993398
7.666296839330606,0.5554921841751378,0.5541762733294628
7.645955181566979,0.5556323342548166,0.5541381672282353
7.625613523803347,0.5557788407137574,0.5541042684439567
7.605271866039715,0.5559317213766077,0.5540745840017153
7.584930208276088,0.5560909944007338,0.5540491211395802
7.56458855051245,0.556256678279262,0.554027887310184
7.5442468927488235,0.5564287918441607,0.5540108901823362
7.523905234985197,0.5566073542693822,0.553998137642666
7.503563577221559,0.5567923850740507,0.553989637797298
7.483221919457932,0.5569839041257038,0.5539853989735551
7.4628802616943,0.5571819316435864,0.5539854297216978
7.442538603930668,0.5573864882020031,0.5539897388166929
7.422196946167041,0.5575975947337175,0.5539983352600172
7.401855288403409,0.5578152725334153,0.5540112282814906
7.381513630639777,0.558039543261223,0.5540284273411504
7.36117197287615,0.5582704289462778,0.5540499421311517
7.340830315112518,0.5585079519903667,0.5540757825777082
7.320488657348886,0.5587521351716165,0.5541059588430679
7.300146999585259,0.5590030016482495,0.5541404813275227
7.279805341821627,0.5592605749624022,0.5541793606714583
7.2594636840579945,0.5595248790440011,0.5542226077574371
7.239122026294368,0.5597959382147096,0.5542702337123238
7.21878036853073,0.5600737771919367,0.5543222499094461
7.198438710767103,0.5603584210929102,0.5543786679707963
7.178097053003476,0.5606498954388227,0.5544394997692715
7.157755395239839,0.5609482261590397,0.5545047574309575
7.137413737476211,0.5612534395953854,0.5545744533374491
7.117072079712579,0.5615655625064916,0.554648600128217
7.096730421948947,0.5618846220722239,0.554727210703015
7.07638876418532,0.5622106458981824,0.5548102982243307
7.056047106421688,0.5625436620202708,0.5548978761198802
7.035705448658056,0.562883698909353,0.5549899580851501
7.015363790894429,0.5632307854759732,0.5550865580859814
6.995022133130797,0.5635849510751684,0.5551876903612022
6.9746804753671645,0.5639462255113533,0.5552933694253082
6.954338817603538,0.5643146390432878,0.5554036100711885
6.9339971598399055,0.5646902223891325,0.5555184273729044
6.913655502076273,0.5650730067315841,0.555637836688513
6.8933138443126465,0.5654630237230978,0.5557618536629466
6.872972186549014,0.5658603054912024,0.5558904942309403
6.852630528785382,0.5662648846438981,0.5560237746200123
6.832288871021755,0.5666767942751497,0.5561617113534991
6.811947213258118,0.5670960679704741,0.5563043212536446
6.791605555494491,0.5675227398126174,0.5564516214447428
6.771263897730859,0.5679568443873305,0.5566036293563392
6.750922239967227,0.5683984167892486,0.5567603627264888
6.7305805822036,0.5688474926278582,0.55692183960507
6.710238924439968,0.5693041080335792,0.5570880783571641
6.689897266676335,0.5697682996639403,0.5572590976664863
6.669555608912708,0.5702401047098667,0.557434916538887
6.6492139511490755,0.5707195609020725,0.5576155543059117
6.628872293385443,0.5712067065175616,0.5578010306284231
6.6085306356218165,0.5717015803862453,0.5579913655002922
6.588188977858184,0.572204221897666,0.5581865792521533
6.567847320094552,0.5727146710078439,0.5583866925552287
6.547505662330925,0.5732329682462379,0.5585917264252167
6.527164004567293,0.5737591547228303,0.5588017022262582
6.506822346803661,0.5742932721353271,0.5590166416749665
6.486480689040034,0.5748353627764927,0.5592365668445352
6.466139031276397,0.5753854695416065,0.5594615001689177
6.44579737351277,0.5759436359360482,0.5596914644470824
6.425455715749143,0.5765099060830212,0.5599264828473469
6.4051140579855055,0.5770843247314058,0.5601665789117874
6.384772400221879,0.5776669372637523,0.5604117765607306
6.3644307424582465,0.5782577897044128,0.5606621000973254
6.344089084694614,0.578856928727819,0.5609175742121992
6.3237474269309875,0.5794644016669055,0.5611782239881972
6.303405769167355,0.5800802565216764,0.561444074905209
6.283064111403723,0.5807045419679312,0.5617151528450843
6.262722453640096,0.5813373073661413,0.5619914840966347
6.242380795876464,0.5819786027704846,0.5622730953607314
6.222039138112832,0.5826284789380419,0.5625600137554926
6.201697480349205,0.5832869873381572,0.5628522668215677
6.181355822585573,0.5839541801619653,0.5631498825275194
6.161014164821941,0.5846301103320884,0.5634528892753018
6.140672507058313,0.5853148315125144,0.5637613159058431
6.1203308492946755,0.5860083981186406,0.5640751917047278
6.099989191531049,0.5867108653275103,0.5643945464079864
6.079647533767422,0.5874222890882295,0.5647194102079909
6.059305876003784,0.588142726132573,0.5650498137594611
6.0389642182401575,0.5888722339857805,0.5653857881855788
6.018622560476525,0.5896108709775578,0.5657273650842217
5.998280902712893,0.5903586962532703,0.5660745765343072
5.977939244949266,0.5911157697853434,0.5664274551022598
5.957597587185634,0.5918821523848763,0.5667860338485959
5.937255929422002,0.5926579057134663,0.5671503463346346
5.916914271658375,0.5934430922952492,0.5675204266293318
5.896572613894743,0.5942377755291675,0.5678963093162461
5.876230956131111,0.5950420197014608,0.5682780295006338
5.855889298367484,0.5958558899983935,0.5686656228166794
5.835547640603852,0.5966794525192142,0.5690591254348608
5.81520598284022,0.5975127742893616,0.5694585740694573
5.794864325076593,0.5983559232739141,0.5698640059861985
5.774522667312961,0.5992089683912972,0.5702754590100585
5.754181009549328,0.6000719795272419,0.5706929715332024
5.733839351785702,0.6009450275490116,0.5711165825230785
5.713497694022064,0.6018281843198993,0.5715463315306741
5.693156036258437,0.6027215227139928,0.5719822586989215
5.672814378494805,0.6036251166312308,0.5724244047712747
5.652472720731173,0.6045390410127351,0.5728728111004431
5.632131062967545,0.6054633718564489,0.5733275196573019
5.611789405203913,0.6063981862330639,0.5737885730399714
5.591447747440281,0.6073435623022585,0.5742560144830727
5.571106089676654,0.6082995793292507,0.5747298878671677
5.550764431913022,0.6092663177016688,0.5752102377283798
5.53042277414939,0.6102438589467508,0.5756971092682037
5.510081116385763,0.6112322857488759,0.5761905483635124
5.489739458622131,0.6122316819674425,0.5766906015767558
5.4693978008584985,0.613242132655092,0.5771973161663644
5.449056143094872,0.6142637240762926,0.5777107400973576
5.4287144853312395,0.615296543726289,0.5782309220521629
5.408372827567607,0.6163406803504231,0.5787579114416532
5.3880311698039804,0.617396223963841,0.5792917584163995
5.367689512040343,0.6184632658715905,0.5798325138781538
5.347347854276716,0.6195418986891154,0.5803802294915598
5.327006196513089,0.6206322163631657,0.5809349576961015
5.306664538749452,0.6217343141931231,0.5814967517182917
5.286322880985825,0.6228482888527491,0.5820656655841053
5.265981223222193,0.6239742384123866,0.5826417541316719
5.245639565458561,0.6251122623615954,0.5832250730242199
5.225297907694934,0.6262624616322554,0.5838156787632865
5.204956249931302,0.6274249386221369,0.5844136287022043
5.184614592167669,0.628599797218953,0.5850189810598541
5.164272934404043,0.6297871428249039,0.5856317949347126
5.14393127664041,0.6309870823817276,0.5862521303191833
5.123589618876778,0.6321997243962603,0.5868800481142258
5.1032479611131505,0.6334251789665355,0.5875156101442907
5.082906303349518,0.6346635578084157,0.5881588791725656
5.062564645585886,0.6359149742827813,0.5888099189165392
5.042222987822259,0.6371795434232868,0.5894687940638933
5.021881330058622,0.6384573819647017,0.5901355702887291
5.001539672294995,0.6397486083718366,0.5908103142681339
4.981198014531368,0.6410533428690933,0.5914930936991029
4.960856356767731,0.6423717074706323,0.5921839773158177
4.940514699004104,0.6437038260111728,0.5928830349072932
4.920173041240472,0.6450498241774678,0.5935903373354043
4.899831383476839,0.6464098295404324,0.5943059565532958
4.879489725713213,0.6477839715879709,0.595029965624192
4.85914806794958,0.6491723817585099,0.5957624387406104
4.838806410185948,0.6505751934752515,0.5965034512439945
4.818464752422321,0.6519925421811684,0.5972530796447674
4.798123094658689,0.6534245653747656,0.598011401642832
4.777781436895057,0.6548714026466109,0.5987784961485095
4.75743977913143,0.6563331957166773,0.5995544433039482
4.737098121367798,0.6578100884724964,0.6003393245049955
4.716756463604166,0.6593022270081546,0.6011332224235572
4.696414805840539,0.6608097596641539,0.6019362210304536
4.676073148076907,0.6623328370681579,0.6027484056187841
4.655731490313275,0.6638716121766391,0.6035698628278094
4.635389832549647,0.6654262403174649,0.604400680667378
4.61504817478601,0.6669968792334336,0.6052409485428935
4.594706517022383,0.668583689126793,0.6060907572808482
4.574364859258756,0.6701868327047633,0.6069501991549406
4.554023201495118,0.6718064752260973,0.6078193679127778
4.5336815437314915,0.6734427845486877,0.6086983588031938
4.513339885967859,0.6750959311782815,0.6095872686041905
4.492998228204227,0.6767660883182934,0.6104861956515236
4.4726565704406,0.6784534319207728,0.6113952398679421
4.452314912676968,0.6801581407385543,0.612314502793114
4.431973254913336,0.6818803963786034,0.6132440876142369
4.411631597149709,0.6836203833566181,0.6141840991973723
4.391289939386077,0.6853782891528976,0.6151346441195066
4.370948281622445,0.6871543042695234,0.6160958307013683
4.350606623858818,0.6889486222888861,0.617067769041019
4.330264966095186,0.6907614399335992,0.6180505710482407
4.309923308331554,0.6925929571278289,0.6190443504797387
4.289581650567927,0.6944433770600852,0.6200492229751832
4.269239992804289,0.6963129062475211,0.6210653060941198
4.248898335040662,0.6982017546017633,0.6220927193537595
4.228556677277035,0.7001101354963424,0.6231315842676884
4.208215019513397,0.7020382658357447,0.6241820243855086
4.18787336174977,0.7039863661261426,0.625244165333448
4.167531703986138,0.7059546605478557,0.6263181348559607
4.147190046222506,0.7079433770295798,0.6274040628583459
4.126848388458879,0.7099527473244408,0.6285020814504175
4.106506730695247,0.7119830070879318,0.6296123249912516
4.086165072931615,0.7140343959577738,0.6307349301350451
4.065823415167988,0.7161071576357663,0.6318700358781175
4.045481757404356,0.7182015399716889,0.6330177836070857
4.025140099640724,0.7203177950492956,0.6341783171482536
4.004798441877097,0.7224561792744857,0.6353517828182393
3.9844567841134646,0.7246169534657032,0.6365383294758943
3.9641151263498324,0.7268003829466261,0.6377381085755348
3.9437734685862056,0.7290067376412286,0.6389512742215352
3.923431810822568,0.7312362921712756,0.640177983224324
3.9030901530589412,0.733489325956316,0.6414183951578144
3.8827484952953144,0.735766123316278,0.6426726724183282
3.862406837531677,0.7380669735767087,0.643940980285044
3.84206517976805,0.7403921711767613,0.645223486982023
3.821723522004418,0.7427420157800148,0.6465203637418615
3.8013818642407857,0.7451168123881942,0.6478317848710143
3.781040206477159,0.7475168714579025,0.6491579278168448
3.7606985487135267,0.7499425090204426,0.650498973236456
3.7403568909498945,0.7523940468048296,0.6518551050673531
3.7200152331862673,0.7548718123640936,0.6532265105999951
3.699673575422635,0.7573761392049789,0.6546133805523049
3.679331917659003,0.7599073669211373,0.656015909146182
3.658990259895376,0.7624658413299321,0.6574342941860949
3.638648602131744,0.7650519146129763,0.6588687371398151
3.6183069443681117,0.767665945460498,0.6603194432213584
3.597965286604485,0.7703082992196848,0.6617866214762057
3.5776236288408527,0.7729793480471231,0.6632704848688806
3.5572819710772206,0.7756794710654497,0.6647712503729528
3.5369403133135937,0.7784090545243846,0.6662891390635501
3.516598655549956,0.7811684919662607,0.6678243762124649
3.4962569977863294,0.7839581843962007,0.6693771913859267
3.475915340022702,0.7867785404571185,0.6709478185451463
3.455573682259065,0.7896299766096714,0.672536496149713
3.4352320244954377,0.7925129173173431,0.6741434672639317
3.4148903667318056,0.7954277952368434,0.6757689796662221
3.3945487089681734,0.7983750514139686,0.6774132859616551
3.3742070512045466,0.8013551354851423,0.6790766436977553
3.3538653934409144,0.8043685058848067,0.6807593154836612
3.333523735677282,0.8074156300588655,0.6824615691127724
3.3131820779136554,0.8104969846843999,0.684183677688995
3.292840420150023,0.8136130558958596,0.6859259197567114
3.272498762386391,0.81676433951795,0.6876885794345993
3.252157104622764,0.8199513413054627,0.6894719465534421
3.231815446859132,0.8231745771902836,0.6912763167980628
3.2114737890955,0.826434573535823,0.6931019918535257
3.1911321313318726,0.8297318673991405,0.6949492795557606
3.170790473568235,0.8330670068010395,0.6968184940467641
3.1504488158046082,0.8364405510043915,0.6987099559345405
3.1301071580409814,0.8398530708010257,0.7006239924579526
3.109765500277344,0.8433051488074477,0.7025609376566602
3.089423842513717,0.8467973797697347,0.704521132546323
3.069082184750085,0.8503303708779408,0.7065049252992758
3.0487405269864527,0.8539047420903375,0.7085126714308532
3.028398869222826,0.8575211264678759,0.7105447339915917
3.0080572114591937,0.8611801705192386,0.7126014837655164
2.9877155536955615,0.8648825345568611,0.7146832994747332
2.9673738959319342,0.8686288930643584,0.7167905679905778
2.947032238168302,0.8724199350757642,0.7189236845515523
2.92669058040467,0.8762563645670305,0.7210830529883093
2.906348922641043,0.8801389008602623,0.7232690859559543
2.886007264877411,0.8840682790411694,0.7254822051739475
2.8656656071137787,0.8880452503902287,0.7277228416738848
2.845323949350152,0.892070582828109,0.7299914360554742
2.8249822915865144,0.8961450613758932,0.7322884387510188
2.8046406338228875,0.9002694886306729,0.7346143102987367
2.7842989760592607,0.9044446852571439,0.7369695216252747
2.763957318295623,0.9086714904957996,0.7393545543377631
2.7436156605319963,0.9129507626883893,0.7417699010257942
2.723274002768364,0.9172833798213627,0.7442160655737371
2.702932345004732,0.9216702400879634,0.7466935634837719
2.6825906872411047,0.9261122624697744,0.7492029222101044
2.6622490294774726,0.9306103873384827,0.7517446815047997
2.6419073717138404,0.9351655770786789,0.7543193937757108
2.6215657139502135,0.9397788167325785,0.7569276244569983
2.6012240561865814,0.9444511146675574,0.7595699523927719
2.580882398422949,0.9491835032674343,0.7622469702343742
2.5605407406593224,0.9539770396485223,0.7649592848519033
2.54019908289569,0.9588328064014744,0.767707517760559
2.519857425132058,0.9637519123599954,0.7704923055624325
2.499515767368431,0.9687354933976023,0.773314300404415
2.479174109604799,0.9737847132536068,0.7761741704529022
2.458832451841167,0.978900764389572,0.7790726003860152
2.4384907940775395,0.9840848688775861,0.782010291904106
2.418149136313902,0.9893382793217336,0.7849879642593458
2.397807478550275,0.9946622798141922,0.7880063548052121
2.3774658207866484,1.0000581869275402,0.7910662195667886
2.357124163023011,1.0055273507448237,0.794168333832769
2.336782505259384,1.0110711559290995,0.7973134927701455
2.316440847495752,1.0166910228342496,0.8005025120626238
2.2960991897321197,1.0223884086588888,0.8037362285737986
2.275757531968493,1.0281648086453656,0.8070155010362559
2.2554158742048607,1.0340217573259256,0.8103412107677692
2.235074216441228,1.0399608298181797,0.8137142624158482
2.214732558677601,1.0459836431722171,0.8171355847319561
2.194390900913969,1.052091857771748,0.8206061313767923
2.174049243150337,1.058287178791823,0.8241268817580835
2.15370758538671,1.0645713577158311,0.8276988419024489
2.133365927623078,1.0709461939145928,0.8313230453629563
2.1130242698594457,1.0774135362905302,0.8350005541640766
2.092682612095819,1.0839752849900777,0.8387324597858612
2.0723409543321814,1.0906333931876602,0.8425198841892547
2.0519992965685545,1.0973898689447208,0.8463639808845391
2.0316576388049277,1.1042467771475752,0.8502659360450837
2.01131598104129,1.11120624152794,0.8542269696686151
1.9909743232776629,1.1182704467703237,0.858248336788404
1.9706326655140307,1.125441640710687,0.8623313287369176
1.9502910077503985,1.1327221366309586,0.8664772744645568
1.9299493499867717,1.140114315654368,0.8706875419163422
1.9096076922231395,1.147620629246787,0.8749635394695274
1.8892660344595074,1.1552436018295753,0.8793067174352965
1.8689243766958803,1.162985833509801,0.8837185696279249
1.8485827189322481,1.170850002934023,0.8882006350049567
1.828241061168616,1.1788388702721884,0.8927544993821634
1.8078994034049891,1.1869552803386558,0.8973817972273151
1.787557745641357,1.1952021658577308,0.902084213537013
1.7672160878777248,1.2035825508815685,0.9068634858010893
1.7468744301140977,1.2120995543688384,0.9117214060594065
1.7265327723504604,1.2207563939330155,0.9166598230561513
1.7061911145868334,1.2295563897697366,0.9216806444970415
1.6858494568232065,1.238502968773354,0.9267858394152722
1.665507799059569,1.2475996688533062,0.9319774406523136
1.6451661412959422,1.2568501434617754,0.9372575474601339
1.62482448353231,1.2662581663448174,0.9426283282318724
1.6044828257686778,1.2758276365298593,0.9480920233683552
1.5841411680050508,1.285562583563471,0.9536509482884616
1.5637995102414186,1.2954671730141722,0.9593074965918122
1.5434578524777864,1.3055457122560037,0.9650641433828291
1.5231161947141596,1.3158026565497902,0.9709234487658918
1.5027745369505274,1.3262426154400901,0.9768880615219311
1.4824328791868953,1.3368703594870963,0.9829607229775373
1.4620912214232682,1.3476908273541768,0.9891442710784668
1.441749563659636,1.3587091332731474,0.9954416446802528
1.4214079058960039,1.369930574910945,1.0018558880695134
1.401066248132377,1.3813606416631625,1.0083901557306025
1.3807245903687448,1.3930050234016882,1.0150477173732482
1.3603829326051127,1.4048696197056938,1.021831963238001
1.3400412748414856,1.4169605496074784,1.0287464096975858
1.3196996170778483,1.4292841618869647,1.0357947051735916
1.2993579593142213,1.4418470459511528,1.0429806363893637
1.2790163015505944,1.4546560433378306,1.050308134981684
1.258674643786957,1.4677182598855811,1.0577812844953987
1.23833298602333,1.4810410786156019,1.0654043277871612
1.217991328259698,1.4946321733744785,1.0731816748665235
1.1976496704960657,1.5084995232906961,1.0811179112047262
1.1773080127324387,1.5226514281022472,1.08921780654414
1.1569663549688065,1.5370965244171146,1.0974863242438775
1.1366246972051743,1.5518438029735377,1.1059286312000198
1.1162830394415475,1.566902626972574,1.114550108382144
1.0959413816779153,1.5822827515614604,1.1233563620312652
1.0755997239142832,1.5979943445529112,1.1323532355681252
1.055258066150656,1.614048008472871,1.1415468222650018
1.034916408387024,1.6304548040371158,1.1509434787387525
1.0145747506233918,1.6472262751659115,1.1605498393278282
0.9942330928597649,1.6643744756556216,1.1703728314216282
0.9738914350961274,1.6819119976367347,1.1804196918165824
0.9535497773325006,1.6998520019593986,1.1906979841800585
0.9332081195688735,1.718208250660697,1.2012156177107356
0.912866461805236,1.7369951416817617,1.2119808670920693
0.8925248040416092,1.756227746018853,1.223002393844656
0.872183146277977,1.7759218475099152,1.2342892691933283
0.8518414885143448,1.7960939854771287,1.2458509985757151
0.8314998307507179,1.8167615004677287,1.2576975479315204
0.8111581729870857,1.8379425833588652,1.2698393719252599
0.7908165152234535,1.8596563281186789,1.2822874442703904
0.7704748574598266,1.8819227885452847,1.2950532903397214
0.7501331996961944,1.9047630393379764,1.3081490222657484
0.7297915419325622,1.9281992418914724,1.3215873767555215
0.7094498841689353,1.9522547152450138,1.3353817558682501
0.6891082264053031,1.976954012663695,1.3495462710299897
0.6687665686416709,2.0023230043805693,1.3640957905892108
0.648424910878044,2.028388967085744,1.3790459912501563
0.6280832531144118,2.0551806808130992,1.394413413757952
0.6077415953507797,2.0827285339479813,1.4102155232511921
0.5873999375871527,2.1110646371613937,1.4264707747449923
0.5670582798235153,2.1402229471686494,1.4431986842605913
0.5467166220598884,2.1702394013151105,1.4604199061777645
0.5263749642962561,2.201152064110775,1.478156317454777
0.5060333065326239,2.2330012869695413,1.4964311094376446
0.48569164876899706,2.265829882562885,1.515268888068963
0.46534999100536484,2.299683315371877,1.5346957834066306
0.44500833324173267,2.33460991022079,1.5547395694774044
0.4246666754781057,2.370661080803772,1.5754297956213597
0.40432501771447354,2.4078915804770893,1.5967979306333622
0.3839833599508414,2.446359777889557,1.6188775211801576
0.3636417021872144,2.4861279603694384,1.6417043661703399
0.34330004442358225,2.5272626683843553,1.6653167089833714
0.3229583866599501,2.5698350648515413,1.689755449728637
0.30261672889632313,2.613921343610089,1.7150643800126522
0.28227507113269096,2.6596031819871566,1.7412904430490361
0.2619334133690588,2.706968243112976,1.7684840223613345
0.24159175560543183,2.75611073448405,1.7966992628141902
0.2212500978417944,2.8071320302625624,1.82599442827655
0.20090844007816747,2.860141365961103,1.8564323008879544
0.18056678231454054,2.9152566155306268,1.8880806276856288
0.1602251245509031,2.9726051624847187,1.9210126212784344
0.13988346678727617,3.0323248786097325,1.955307522355222
0.119541809023644,3.0945652260885463,1.9910512331245036
0.0992001512600118,3.1594885015829064,2.0283370323440346
0.07885849349638491,3.227271244075438,2.067266384470403
0.05851683573275268,3.2981058321836034,2.1079498577065765
0.03817517796912051,3.3722023013777678,2.1505081684381686
0.017833520205493614,3.4497904172534053,2.1950733728354166
-0.0025081375581386123,3.5311220479618823,2.24179023039495
-0.022849795321770783,3.6164738874014706,2.290817769079106
-0.043191453085397735,3.7061505912001564,2.3423310877050882
-0.0635331108490299,3.800488400383415,2.396523438628437
-0.08387476861266208,3.8998593435624764,2.4536086429280215
-0.10421642637628903,4.00467612834375,2.513823901717165
-0.12455808413992647,4.115397857548498,2.5774330815100157
-0.14489974190355337,4.23253673719792,2.644730569599714
-0.16524139966718027,4.356665982992936,2.7160458182649263
-0.18558305743081777,4.488429182774383,2.791748725793247
-0.20592471519444472,4.628551437674637,2.872256039797893
-0.2262663729580769,4.777852689090078,2.9580390168231157
-0.24660803072170906,4.93726374870315,3.0496326355127614
-0.266949688485336,5.107845693556082,3.1476467438240894
-0.2872913462489682,5.290813480185456,3.2527796311240396
-0.30763300401260035,5.487564888845266,3.3658346637250327
-0.3279746617762273,5.699716256286724,3.487740822107103
-0.3483163195398595,5.929146930206352,3.6195782508717524
-0.36865797730349165,6.178055034263982,3.762610309384751
-0.3889996350671186,6.4490280497268,3.9183241381946994
-0.40934129283075077,6.7451330194120125,4.0884825032617265
-0.42968295059438294,7.07003304750659,4.275190753599446
-0.4500246083580099,7.428139495248206,4.480984294920284
-0.47036626612164206,7.824813319353862,4.708944307809554
-0.49070792388527423,8.266635118535882,4.962852955501486
-0.5110495816489011,8.761772892721671,5.247404751503875
-0.5313912394125386,9.320491410866316,5.568499315996358
-0.5517328971761655,9.955871165358426,5.933654590990801
-0.5720745549397976,10.684844930869346,6.352602596929585
-0.5924162127034298,11.529728625962758,6.8381692871248045
-0.6127578704670569,12.520545225335109,7.407610203762871
-0.633099528230689,13.698666322619639,8.084703446451543
-0.6534411859943212,15.122733928222981,8.90315319353236
-0.6737828437579483,16.8787223846151,9.912372733531187
-0.6941245015215805,19.097962681590257,11.187843842973114
-0.7144661592852126,21.991597142946777,12.850919431400515
-0.7348078170488395,25.92206841000212,15.1099114484092
-0.7551494748124716,31.56821976056763,18.35498139997859
-0.7754911325761038,40.36693979910509,23.411973248030534
-0.7958327903397309,55.98106354085046,32.38608162778434
-0.816174448103363,91.3342800517851,52.70512700577898
-0.8365161058669952,248.16186079334827,142.84090700099344
